YEAR,TEAM,RUNS SCORED,WICKETS LOST,WICKETS TAKEN,AGAINST,RESULT,VENUE,WINNER
1975,AUS,278,7,10,PAK,WON,LEEDS,WEST INDIES
1975,AUS,328,5,4,SL,WON,LONDON,WEST INDIES
1975,AUS,192,10,3,WI,LOST,LONDON,WEST INDIES
1975,AUS,94,6,10,ENG,WON,LEEDS,WEST INDIES
1975,AUS,274,10,8,WI,LOST,LONDON,WEST INDIES
1975,ENG,334,4,3,IND,WON,LONDON,WEST INDIES
1975,ENG,266,6,10,NZ,WON,NOTTHINGHAM,WEST INDIES
1975,ENG,290,5,10,EA,WON,BIRMINGHAM,WEST INDIES
1975,ENG,93,10,6,AUS,LOST,LEEDS,WEST INDIES
1975,IND,132,3,4,ENG,LOST,LONDON,WEST INDIES
1975,IND,123,0,10,EA,WON,LEEDS,WEST INDIES
1975,IND,230,10,6,NZ,LOST,MANCHESTER,WEST INDIES
1975,PAK,205,10,7,AUS,LOST,LEEDS,WEST INDIES
1975,PAK,266,7,9,WI,LOST,BIRMINGHAM,WEST INDIES
1975,PAK,330,6,10,SL,WON,NOTTHINGHAM,WEST INDIES
1975,SL,86,10,1,WI,LOST,MANCHESTER,WEST INDIES
1975,SL,276,4,5,AUS,LOST,LONDON,WEST INDIES
1975,SL,138,10,6,PAK,LOST,NOTTHINGHAM,WEST INDIES
1975,WI,87,1,10,SL,WON,MANCHESTER,WEST INDIES
1975,WI,267,9,7,PAK,WON,BIRMINGHAM,WEST INDIES
1975,WI,195,3,10,AUS,WON,LONDON,WEST INDIES
1975,WI,159,5,10,NZ,WON,LONDON,WEST INDIES
1975,WI,291,8,10,AUS,WON,LONDON,WEST INDIES
1975,EA,128,5,8,NZ,LOST,BIRMINGHAM,WEST INDIES
1975,EA,120,10,0,IND,LOST,LEEDS,WEST INDIES
1975,EA,94,10,5,ENG,LOST,BIRMINGHAM,WEST INDIES
1975,NZ,309,5,8,EA,WON,BIRMINGHAM,WEST INDIES
1975,NZ,186,10,6,ENG,LOST,NOTTHINGHAM,WEST INDIES
1975,NZ,233,6,10,IND,WON,MANCHESTER,WEST INDIES
1975,NZ,158,10,5,WI,LOST,LONDON,WEST INDIES
1979,IND,190,10,1,WI,LOST,BIRMINGHAM,WEST INDIES
1979,IND,182,10,2,NZ,LOST,LEEDS,WEST INDIES
1979,IND,238,10,5,SL,LOST,MANCHESTER,WEST INDIES
1979,WI,190,10,1,IND,WON,BIRMINGHAM,WEST INDIES
1979,WI,NA,NR,NR,SL,NR,LONDON,WEST INDIES
1979,WI,244,7,9,NZ,WON,NOTTINGHAM,WEST INDIES
1979,WI,293,6,10,PAK,WON,LONDON,WEST INDIES
1979,WI,286,9,10,ENG,WON,LONDON,WEST INDIES
1979,NZ,190,1,10,SL,WON,NOTTINGHAM,WEST INDIES
1979,NZ,183,2,10,IND,WON,LEEDS,WEST INDIES
1979,NZ,212,9,7,WI,LOST,NOTTINGHAM,WEST INDIES
1979,NZ,212,9,8,ENG,LOST,MANCHESTER,WEST INDIES
1979,SL,189,10,1,NZ,LOST,NOTTINGHAM,WEST INDIES
1979,SL,NA,NR,NR,WI,NR,LONDON,WEST INDIES
1979,SL,238,5,10,IND,WON,MANCHESTER,WEST INDIES
1979,ENG,160,4,9,AUS,WON,LONDON,WEST INDIES
1979,ENG,46,2,10,CAN,WON,MANCHESTER,WEST INDIES
1979,ENG,165,9,10,PAK,WON,LEEDS,WEST INDIES
1979,ENG,221,8,9,NZ,WON,MANCHESTER,WEST INDIES
1979,ENG,194,9,10,WI,LOST,LONDON,WEST INDIES
1979,AUS,159,9,4,ENG,LOST,LONDON,WEST INDIES
1979,AUS,197,10,7,PAK,LOST,NOTTINGHAM,WEST INDIES
1979,AUS,106,3,10,CAN,WON,BIRMINGHAM,WEST INDIES
1979,CAN,139,9,2,PAK,LOST,LEEDS,WEST INDIES
1979,CAN,45,10,2,ENG,LOST,MANCHESTER,WEST INDIES
1979,CAN,105,10,3,AUS,LOST,BIRMINGHAM,WEST INDIES
1979,PAK,140,2,9,CAN,WON,LEEDS,WEST INDIES
1979,PAK,286,7,10,AUS,WON,NOTTINGHAM,WEST INDIES
1979,PAK,151,10,9,ENG,LOST,LEEDS,WEST INDIES
1979,PAK,250,10,6,WI,LOST,LONDON,WEST INDIES
1983,ENG,322,6,10,NZ,WON,LONDON,INDIA
1983,ENG,339,9,10,SL,WON,TAUNTON,INDIA
1983,ENG,199,2,8,PAK,WON,LONDON,INDIA
1983,ENG,234,10,8,NZ,LOST,BIRMINGHAM,INDIA
1983,ENG,233,3,8,PAK,WON,MANCHESTER,INDIA
1983,ENG,137,1,10,SL,WON,LEEDS,INDIA
1983,ENG,213,10,4,IND,LOST,MANCHESTER,INDIA
1983,NZ,216,10,6,ENG,LOST,LONDON,INDIA
1983,NZ,238,9,10,PAK,WON,BIRMINGHAM,INDIA
1983,NZ,209,5,10,SL,WON,BRISTOL,INDIA
1983,NZ,238,9,10,ENG,WON,BIRMINGHAM,INDIA
1983,NZ,181,10,7,SL,LOST,DERBY,INDIA
1983,NZ,250,10,3,PAK,LOST,NOTTINGHAM,INDIA
1983,PAK,338,5,9,SL,WON,SWANSEA,INDIA
1983,PAK,186,10,9,NZ,LOST,BIRMINGHAM,INDIA
1983,PAK,193,8,2,ENG,LOST,LONDON,INDIA
1983,PAK,235,7,10,SL,WON,LEEDS,INDIA
1983,PAK,232,8,3,ENG,LOST,MANCHESTER,INDIA
1983,PAK,261,3,10,NZ,WON,NOTTINGHAM,INDIA
1983,PAK,184,8,2,WI,LOST,LONDON,INDIA
1983,SL,288,9,5,PAK,LOST,SWANSEA,INDIA
1983,SL,286,10,9,ENG,WON,TAUNTON,INDIA
1983,SL,206,10,5,NZ,LOST,BRISTOL,INDIA
1983,SL,224,10,7,PAK,LOST,LEEDS,INDIA
1983,SL,184,7,10,NZ,WON,DERBY,INDIA
1983,SL,136,10,1,ENG,LOST,LEEDS,INDIA
1983,AUS,226,7,6,ZIM,LOST,NOTTINGHAM,INDIA
1983,AUS,151,10,9,WI,LOST,LEEDS,INDIA
1983,AUS,320,9,10,IND,WON,NOTTINGHAM,INDIA
1983,AUS,272,7,10,ZIM,WON,SOUTHAMPTON,INDIA
1983,AUS,273,6,3,WI,LOST,LONDON,INDIA
1983,AUS,129,10,10,IND,LOST,CHELMSFORD,INDIA
1983,ZIM,239,6,7,AUS,WON,NOTTINGHAM,INDIA
1983,ZIM,155,10,5,IND,LOST,LEICESTER,INDIA
1983,ZIM,217,7,2,WI,LOST,WORCESTER,INDIA
1983,ZIM,240,10,7,AUS,LOST,SOUTHAMPTON,INDIA
1983,ZIM,235,10,8,IND,LOST,TURNBRIDGE WELLS,INDIA
1983,ZIM,171,10,0,WI,LOST,BIRMINGHAM,INDIA
1983,IND,262,8,10,WI,WON,MANCHESTER,INDIA
1983,IND,157,5,10,ZIM,WON,LEICESTER,INDIA
1983,IND,158,10,9,AUS,LOST,NOTTINGHAM,INDIA
1983,IND,216,10,9,WI,LOST,LONDON,INDIA
1983,IND,266,8,10,ZIM,WON,TURNBRIDGE WELLS,INDIA
1983,IND,247,10,10,AUS,WON,CHELMSFORD,INDIA
1983,IND,217,4,10,ENG,WON,MANCHESTER,INDIA
1983,IND,183,10,10,WI,WON,LONDON,INDIA
1983,WI,228,10,8,IND,LOST,MANCHESTER,INDIA
1983,WI,252,9,10,AUS,WON,LEEDS,INDIA
1983,WI,218,2,7,ZIM,WON,WORCESTER,INDIA
1983,WI,282,9,10,IND,WON,LONDON,INDIA
1983,WI,276,3,6,AUS,WON,LONDON,INDIA
1983,WI,172,0,10,ZIM,WON,BIRMINGHAM,INDIA
1983,WI,188,2,8,PAK,WON,LONDON,INDIA
1983,WI,140,10,10,IND,LOST,LONDON,INDIA
1987,PAK,267,6,10,SL,WON,HYDERABAD,AUSTRALIA
1987,PAK,239,7,10,ENG,WON,RAWALPINDI,AUSTRALIA
1987,PAK,216,9,10,WI,WON,LAHORE,AUSTRALIA
1987,PAK,247,3,9,ENG,WON,KARACHI,AUSTRALIA
1987,PAK,297,7,8,SL,WON,FAISALABAD,AUSTRALIA
1987,PAK,230,9,7,WI,LOST,KARACHI,AUSTRALIA
1987,PAK,249,10,8,AUS,LOST,LAHORE,AUSTRALIA
1987,SL,252,10,6,PAK,LOST,HYDERABAD,AUSTRALIA
1987,SL,169,4,4,WI,LOST,KARACHI,AUSTRALIA
1987,SL,158,8,4,ENG,LOST,PESHAWAR,AUSTRALIA
1987,SL,211,8,8,WI,LOST,KANPUR,AUSTRALIA
1987,SL,184,8,7,PAK,LOST,FAISALABAD,AUSTRALIA
1987,SL,218,7,2,ENG,LOST,PUNE,AUSTRALIA
1987,ENG,246,8,7,WI,WON,GUJRANWALA,AUSTRALIA
1987,ENG,221,10,7,PAK,LOST,RAWALPINDI,AUSTRALIA
1987,ENG,296,4,8,SL,WON,PESHAWAR,AUSTRALIA
1987,ENG,244,9,3,PAK,LOST,KANPUR,AUSTRALIA
1987,ENG,269,5,10,WI,WON,JAIPUR,AUSTRALIA
1987,ENG,219,2,7,SL,WON,PUNE,AUSTRALIA
1987,ENG,254,6,10,IND,WON,MUMBAI,AUSTRALIA
1987,ENG,246,8,5,AUS,LOST,KOLKATA,AUSTRALIA
1987,WI,243,7,8,ENG,LOST,GUJRANWALA,AUSTRALIA
1987,WI,360,4,4,SL,WON,KANPUR,AUSTRALIA
1987,WI,216,10,9,PAK,LOST,LAHORE,AUSTRALIA
1987,WI,236,8,8,SL,WON,KANPUR,AUSTRALIA
1987,WI,235,10,5,ENG,LOST,JAIPUR,AUSTRALIA
1987,WI,258,7,9,PAK,WON,KARACHI,AUSTRALIA
1987,IND,269,10,6,AUS,LOST,CHENNAI,AUSTRALIA
1987,IND,252,7,8,NZ,WON,BENGALURU,AUSTRALIA
1987,IND,136,2,5,ZIM,WON,MUMBAI,AUSTRALIA
1987,IND,289,6,10,AUS,WON,DELHI,AUSTRALIA
1987,IND,194,3,7,ZIM,WON,AHMEDABAD,AUSTRALIA
1987,IND,224,1,9,NZ,WON,NAGPUR,AUSTRALIA
1987,IND,219,10,6,ENG,LOST,MUMBAI,AUSTRALIA
1987,AUS,270,6,10,IND,WON,CHENNAI,AUSTRALIA
1987,AUS,235,9,10,ZIM,WON,CHENNAI,AUSTRALIA
1987,AUS,199,4,9,NZ,WON,INDORE,AUSTRALIA
1987,AUS,289,6,10,IND,LOST,DELHI,AUSTRALIA
1987,AUS,251,8,10,NZ,WON,CHANDIGARH,AUSTRALIA
1987,AUS,266,5,6,ZIM,WON,CUTTACK,AUSTRALIA
1987,AUS,267,8,10,PAK,WON,LAHORE,AUSTRALIA
1987,AUS,253,5,8,ENG,WON,KOLKATA,AUSTRALIA
1987,NZ,242,7,10,ZIM,WON,HYDERABAD,AUSTRALIA
1987,NZ,236,8,7,IND,LOST,BENGALURU,AUSTRALIA
1987,NZ,196,9,4,AUS,LOST,INDORE,AUSTRALIA
1987,NZ,228,6,5,ZIM,WON,KOLKATA,AUSTRALIA
1987,NZ,234,10,8,AUS,LOST,CHANDIGARH,AUSTRALIA
1987,NZ,221,9,1,IND,LOST,NAGPUR,AUSTRALIA
1987,ZIM,239,10,7,NZ,LOST,HYDERABAD,AUSTRALIA
1987,ZIM,139,10,9,AUS,LOST,CHANDIGARH,AUSTRALIA
1987,ZIM,135,10,2,IND,LOST,MUMBAI,AUSTRALIA
1987,ZIM,227,5,6,NZ,LOST,KOLKATA,AUSTRALIA
1987,ZIM,191,7,3,IND,LOST,AHMEDABAD,AUSTRALIA
1987,ZIM,196,6,5,AUS,LOST,CUTTACK,AUSTRALIA
1992,NZ,248,6,10,AUS,WON,AUCKLAND,PAKISTAN
1992,NZ,210,4,9,SL,WON,HAMILTON,PAKISTAN
1992,NZ,191,3,7,SA,WON,AUCKLAND,PAKISTAN
1992,NZ,162,3,7,ZIM,WON,NAPIER,PAKISTAN
1992,NZ,206,5,7,WI,WON,AUCKLAND,PAKISTAN
1992,NZ,231,6,6,IND,WON,DUNEDIN,PAKISTAN
1992,NZ,201,3,8,ENG,WON,WELLINGTON,PAKISTAN
1992,NZ,166,10,3,PAK,LOST,CHRISTCHURCH,PAKISTAN
1992,NZ,262,7,6,PAK,LOST,AUCKLAND,PAKISTAN
1992,AUS,211,10,6,NZ,LOST,AUCKLAND,PAKISTAN
1992,AUS,170,9,1,SA,LOST,SYDNEY,PAKISTAN
1992,AUS,237,9,10,IND,WON,BRISBANE,PAKISTAN
1992,AUS,171,10,2,ENG,LOST,SYDNEY,PAKISTAN
1992,AUS,190,3,9,SL,WON,ADELAIDE,PAKISTAN
1992,AUS,172,10,9,PAK,LOST,PERTH,PAKISTAN
1992,AUS,265,6,10,ZIM,WON,HOBART,PAKISTAN
1992,AUS,216,6,10,WI,WON,MELBOURNE,PAKISTAN
1992,ENG,236,9,10,IND,WON,PERTH,PAKISTAN
1992,ENG,160,4,10,WI,WON,MELBOURNE,PAKISTAN
1992,ENG,NR,NR,NR,PAK,NR,ADELAIDE,PAKISTAN
1992,ENG,173,2,10,AUS,WON,SYDNEY,PAKISTAN
1992,ENG,280,6,10,SL,WON,BALLARAT,PAKISTAN
1992,ENG,226,7,4,SA,WON,MELBOURNE,PAKISTAN
1992,ENG,200,8,3,NZ,LOST,WELLINGTON,PAKISTAN
1992,ENG,125,10,10,ZIM,LOST,ALBURY,PAKISTAN
1992,ENG,252,6,6,SA,WON,SYDNEY,PAKISTAN
1992,ENG,227,10,6,PAK,LOST,MELBOURNE,PAKISTAN
1992,IND,227,10,9,ENG,LOST,PERTH,PAKISTAN
1992,IND,NR,NR,NR,SL,NR,MACKAY,PAKISTAN
1992,IND,234,10,9,AUS,LOST,BRISBANE,PAKISTAN
1992,IND,216,7,10,PAK,WON,SYDNEY,PAKISTAN
1992,IND,203,7,1,ZIM,WON,HAMILTON,PAKISTAN
1992,IND,197,10,5,WI,LOST,WELLINGTON,PAKISTAN
1992,IND,230,6,6,NZ,LOST,DUNEDIN,PAKISTAN
1992,IND,180,6,4,SA,LOST,ADELAIDE,PAKISTAN
1992,SL,313,7,4,ZIM,WON,NEW PLYMOUTH,PAKISTAN
1992,SL,206,9,4,NZ,LOST,HAMILTON,PAKISTAN
1992,SL,NR,NR,NR,IND,NR,MACKAY,PAKISTAN
1992,SL,198,7,10,SA,WON,WELLINGTON,PAKISTAN
1992,SL,189,9,3,AUS,LOST,ADELAIDE,PAKISTAN
1992,SL,174,10,6,ENG,LOST,BALLARAT,PAKISTAN
1992,SL,177,9,8,WI,LOST,BERRI,PAKISTAN
1992,SL,212,6,6,PAK,LOST,PERTH,PAKISTAN
1992,ZIM,312,4,7,SL,LOST,NEW PLYMOUTH,PAKISTAN
1992,ZIM,201,7,4,PAK,LOST,HAMILTON,PAKISTAN
1992,ZIM,189,7,8,WI,LOST,BRISBANE,PAKISTAN
1992,ZIM,105,7,3,NZ,LOST,NAPIER,PAKISTAN
1992,ZIM,104,1,7,IND,LOST,HAMILTON,PAKISTAN
1992,ZIM,163,10,3,SA,LOST,CANBERRA,PAKISTAN
1992,ZIM,137,10,6,AUS,LOST,HOBART,PAKISTAN
1992,ZIM,134,10,10,ENG,WON,ALBURY,PAKISTAN
1992,PAK,220,2,0,WI,LOST,MELBOURNE,PAKISTAN
1992,PAK,254,4,7,ZIM,WON,HOBART,PAKISTAN
1992,PAK,NR,NR,NR,ENG,NR,ADELAIDE,PAKISTAN
1992,PAK,173,10,7,IND,LOST,SYDNEY,PAKISTAN
1992,PAK,173,8,7,SA,LOST,BRISBANE,PAKISTAN
1992,PAK,220,9,10,AUS,WON,PERTH,PAKISTAN
1992,PAK,216,6,6,SL,WON,PERTH,PAKISTAN
1992,PAK,167,3,10,NZ,WON,CHRISTCHURCH,PAKISTAN
1992,PAK,264,6,7,NZ,WON,AUCKLAND,PAKISTAN
1992,PAK,249,6,10,ENG,WON,MELBOURNE,PAKISTAN
1992,WI,221,0,2,PAK,WON,MELBOURNE,PAKISTAN
1992,WI,157,10,4,ENG,LOST,MELBOURNE,PAKISTAN
1992,WI,264,8,7,ZIM,WON,BRISBANE,PAKISTAN
1992,WI,136,10,8,SA,LOST,CHRISTCHURCH,PAKISTAN
1992,WI,203,7,5,NZ,LOST,AUCKLAND,PAKISTAN
1992,WI,195,5,10,IND,WON,WELLINGTON,PAKISTAN
1992,WI,268,8,9,SL,WON,BERRI,PAKISTAN
1992,WI,159,10,6,AUS,LOST,MELBOURNE,PAKISTAN
1992,SA,171,1,9,AUS,WON,SYDNEY,PAKISTAN
1992,SA,190,7,3,NZ,LOST,AUCKLAND,PAKISTAN
1992,SA,195,10,7,SL,LOST,WELLINGTON,PAKISTAN
1992,SA,200,8,10,WI,WON,CHRISTCHURCH,PAKISTAN
1992,SA,211,7,8,PAK,WON,BRISBANE,PAKISTAN
1992,SA,164,3,10,ZIM,WON,CANBERRA,PAKISTAN
1992,SA,236,4,7,ENG,LOST,MELBOURNE,PAKISTAN
1992,SA,181,4,6,IND,WON,ADELAIDE,PAKISTAN
1992,SA,232,6,6,ENG,LOST,SYDNEY,PAKISTAN
1996,ENG,228,9,6,NZ,LOST,AHMEDABAD,SRI LANKA
1996,ENG,140,2,10,UAE,WON,PESHAWAR,SRI LANKA
1996,ENG,279,4,6,NED,WON,PESHAWAR,SRI LANKA
1996,ENG,152,10,10,SA,LOST,RAWALPINDI,SRI LANKA
1996,ENG,249,9,3,PAK,LOST,KARACHI,SRI LANKA
1996,ENG,235,8,5,SL,LOST,FAISALABAD,SRI LANKA
1996,NZ,239,6,9,ENG,WON,AHMEDABAD,SRI LANKA
1996,NZ,307,8,7,NED,WON,VADODARA,SRI LANKA
1996,NZ,177,9,5,SA,LOST,FAISALABAD,SRI LANKA
1996,NZ,276,8,9,UAE,WON,FAISALABAD,SRI LANKA
1996,NZ,235,10,5,PAK,LOST,LAHORE,SRI LANKA
1996,NZ,286,9,4,AUS,LOST,CHENNAI,SRI LANKA
1996,SA,321,2,8,UAE,WON,RAWALPINDI,SRI LANKA
1996,SA,177,9,5,NZ,WON,FAISALABAD,SRI LANKA
1996,SA,230,10,10,ENG,WON,RAWALPINDI,SRI LANKA
1996,SA,243,5,6,PAK,WON,KARACHI,SRI LANKA
1996,SA,328,3,8,NED,WON,RAWALPINDI,SRI LANKA
1996,SA,245,10,8,WI,LOST,KARACHI,SRI LANKA
1996,UAE,152,8,2,SA,LOST,RAWALPINDI,SRI LANKA
1996,UAE,136,10,2,ENG,LOST,PESHAWAR,SRI LANKA
1996,UAE,109,9,1,PAK,LOST,GUJRANWALA,SRI LANKA
1996,UAE,167,9,8,NZ,LOST,FAISALABAD,SRI LANKA
1996,UAE,220,3,9,NED,WON,LAHORE,SRI LANKA
1996,WI,155,4,9,ZIM,WON,HYDERABAD,SRI LANKA
1996,WI,173,10,5,IND,LOST,GWALIOR,SRI LANKA
1996,WI,NR,NR,NR,SL,LOST,COLOMBO,SRI LANKA
1996,WI,93,10,10,KEN,LOST,PUNE,SRI LANKA
1996,WI,232,6,6,AUS,WON,JAIPUR,SRI LANKA
1996,WI,264,8,10,SA,WON,KARACHI,SRI LANKA
1996,WI,202,10,8,AUS,LOST,MOHALI,SRI LANKA
1996,ZIM,151,9,4,WI,LOST,HYDERABAD,SRI LANKA
1996,ZIM,228,6,4,SL,LOST,COLOMBO,SRI LANKA
1996,ZIM,137,5,10,KEN,WON,PATNA,SRI LANKA
1996,ZIM,154,10,2,AUS,LOST,NAGPUR,SRI LANKA
1996,ZIM,207,10,5,IND,LOST,KANPUR,SRI LANKA
1996,NED,188,7,8,NZ,LOST,VADODARA,SRI LANKA
1996,NED,230,6,4,ENG,LOST,PESHAWAR,SRI LANKA
1996,NED,145,7,2,PAK,LOST,LAHORE,SRI LANKA
1996,NED,216,9,3,UAE,LOST,LAHORE,SRI LANKA
1996,NED,168,8,3,SA,LOST,RAWALPINDI,SRI LANKA
1996,SL,NR,NR,NR,AUS,WON,COLOMBO,SRI LANKA
1996,SL,229,4,6,ZIM,WON,COLOMBO,SRI LANKA
1996,SL,NR,NR,NR,WI,WON,COLOMBO,SRI LANKA
1996,SL,272,4,3,IND,WON,DELHI,SRI LANKA
1996,SL,398,5,7,KEN,WON,KANDY,SRI LANKA
1996,SL,236,5,8,ENG,WON,FAISALABAD,SRI LANKA
1996,SL,251,8,8,IND,WON,KOLKATA,SRI LANKA
1996,SL,245,3,7,AUS,WON,LAHORE,SRI LANKA
1996,SL,,,,,,,SRI LANKA
1996,AUS,NR,NR,NR,SL,LOST,COLOMBO,SRI LANKA
1996,AUS,304,7,7,KEN,WON,VISAKHAPATNAM,SRI LANKA
1996,AUS,258,10,10,IND,WON,MUMBAI,SRI LANKA
1996,AUS,158,2,10,ZIM,WON,NAGPUR,SRI LANKA
1996,AUS,229,6,6,WI,LOST,JAIPUR,SRI LANKA
1996,AUS,289,4,9,NZ,WON,CHENNAI,SRI LANKA
1996,AUS,207,8,10,WI,WON,MOHALI,SRI LANKA
1996,AUS,241,7,3,SL,LOST,LAHORE,SRI LANKA
1996,IND,203,3,6,KEN,WON,CUTTACK,SRI LANKA
1996,IND,174,5,10,WI,WON,GWALIOR,SRI LANKA
1996,IND,242,10,10,AUS,LOST,MUMBAI,SRI LANKA
1996,IND,271,3,4,SL,LOST,DELHI,SRI LANKA
1996,IND,247,5,10,ZIM,WON,KANPUR,SRI LANKA
1996,IND,287,8,9,PAK,WON,BENGALURU,SRI LANKA
1996,IND,120,8,8,SL,LOST,KOLKATA,SRI LANKA
1996,KEN,199,6,3,IND,LOST,CUTTACK,SRI LANKA
1996,KEN,207,7,7,AUS,LOST,VISAKHAPATNAM,SRI LANKA
1996,KEN,137,5,10,ZIM,LOST,PATNA,SRI LANKA
1996,KEN,166,10,10,WI,WON,PUNE,SRI LANKA
1996,KEN,254,7,5,SL,LOST,KANDY,SRI LANKA
1996,PAK,112,1,9,UAE,WON,GUJRANWALA,SRI LANKA
1996,PAK,151,2,7,NED,WON,LAHORE,SRI LANKA
1996,PAK,242,6,5,SA,LOST,KARACHI,SRI LANKA
1996,PAK,250,3,9,ENG,WON,KARACHI,SRI LANKA
1996,PAK,235,10,5,NZ,WON,LAHORE,SRI LANKA
1996,PAK,248,9,8,IND,LOST,BENGALURU,SRI LANKA
1999,ENG,207,2,10,SL,WON,LONODN,AUSTRALIA
1999,ENG,204,1,10,KEN,WON,CANTERBURY,AUSTRALIA
1999,ENG,103,7,10,SA,LOST,LONDON,AUSTRALIA
1999,ENG,168,3,8,ZIM,WON,NOTTINGHAM,AUSTRALIA
1999,ENG,169,10,8,IND,LOST,BIRMINGHAM,AUSTRALIA
1999,SL,204,10,2,ENG,LOST,LONDON,AUSTRALIA
1999,SL,110,10,9,SA,LOST,NORTHAMPTON,AUSTRALIA
1999,SL,198,6,9,ZIM,WON,WORCESTER,AUSTRALIA
1999,SL,216,10,6,IND,LOST,TAUNTON,AUSTRALIA
1999,SL,275,8,6,KEN,WON,SOUTHAMPTON,AUSTRALIA
1999,IND,253,5,6,SA,LOST,BRIGHTON,AUSTRALIA
1999,IND,249,10,9,ZIM,LOST,LEICESTER,AUSTRALIA
1999,IND,329,2,7,KEN,WON,BRISTOL,AUSTRALIA
1999,IND,373,6,10,SL,WON,TAUNTON,AUSTRALIA
1999,IND,232,8,10,ENG,WON,BIRMINGHAM,AUSTRALIA
1999,IND,205,10,6,AUS,LOST,LONDON,AUSTRALIA
1999,IND,227,6,10,PAK,WON,MANCHESTER,AUSTRALIA
1999,IND,251,6,5,NZ,LOST,NOTTINGHAM,AUSTRALIA
1999,SA,254,6,5,IND,WON,BRIGHTON,AUSTRALIA
1999,SA,199,9,10,SL,WON,NORTHAMPTON,AUSTRALIA
1999,SA,225,7,10,ENG,WON,LONDON,AUSTRALIA
1999,SA,153,3,10,KEN,WON,AMSTELVEEN,AUSTRALIA
1999,SA,185,10,6,ZIM,LOST,CHELMSFORD,AUSTRALIA
1999,SA,221,7,7,PAK,WON,NOTTINGHAM,AUSTRALIA
1999,SA,287,5,8,NZ,WON,BIRMINGHAM,AUSTRALIA
1999,SA,271,7,5,AUS,LOST,LEEDS,AUSTRALIA
1999,SA,213,10,10,AUS,TIED,BIRMINGHAM,AUSTRALIA
1999,KEN,229,7,5,ZIM,LOST,TAUNTON,AUSTRALIA
1999,KEN,203,10,1,ENG,LOST,CANTERBURY,AUSTRALIA
1999,KEN,235,7,2,IND,LOST,BRISTOL,AUSTRALIA
1999,KEN,152,10,3,SA,LOST,AMSTELVEEN,AUSTRALIA
1999,KEN,230,6,8,SL,LOST,SOUTHAMPTON,AUSTRALIA
1999,ZIM,231,5,7,KEN,WON,TAUNTON,AUSTRALIA
1999,ZIM,252,9,10,IND,WON,LEICESTER,AUSTRALIA
1999,ZIM,197,9,6,SL,LOST,WORCESTER,AUSTRALIA
1999,ZIM,167,8,3,ENG,LOST,NOTTINGHAM,AUSTRALIA
1999,ZIM,233,6,10,SA,WON,CHELMSFORD,AUSTRALIA
1999,ZIM,175,NR,NR,NZ,NR,LEEDS,AUSTRALIA
1999,ZIM,259,6,4,AUS,LOST,LONDON,AUSTRALIA
1999,ZIM,123,10,9,PAK,LOST,LONDON,AUSTRALIA
1999,PAK,229,8,10,WI,WON,BRISTOL,AUSTRALIA
1999,PAK,261,6,10,SCO,WON,CHESTER-LE-STREET,AUSTRALIA
1999,PAK,275,8,10,AUS,WON,LEEDS,AUSTRALIA
1999,PAK,269,8,8,NZ,WON,DERBY,AUSTRALIA
1999,PAK,161,10,9,BAN,LOST,NORTHAMPTON,AUSTRALIA
1999,PAK,220,7,7,SA,LOST,NOTTINGHAM,AUSTRALIA
1999,PAK,180,10,6,IND,LOST,MANCHESTER,AUSTRALIA
1999,PAK,271,9,10,ZIM,WON,LONDON,AUSTRALIA
1999,PAK,242,1,7,NZ,WON,MANCHESTER,AUSTRALIA
1999,PAK,132,10,2,AUS,LOST,LONDON,AUSTRALIA
1999,WI,202,10,8,PAK,LOST,BRISTOL,AUSTRALIA
1999,WI,182,10,3,BAN,LOST,DUBLIN,AUSTRALIA
1999,WI,158,3,10,NZ,WON,SOUTHAMPTON,AUSTRALIA
1999,WI,70,2,10,SCO,WON,LEICESTER,AUSTRALIA
1999,WI,110,4,10,AUS,LOST,MANCHESTER,AUSTRALIA
1999,SCO,181,7,4,AUS,LOST,WORCESTER,AUSTRALIA
1999,SCO,167,10,6,PAK,LOST,CHESTER-LE-STREET,AUSTRALIA
1999,SCO,163,10,9,BAN,LOST,EDINBURGH,AUSTRALIA
1999,SCO,68,10,2,WI,LOST,LEICESTER,AUSTRALIA
1999,SCO,121,10,4,NZ,LOST,EDINBURGH,AUSTRALIA
1999,BAN,116,10,4,NZ,LOST,CHELMSFORD,AUSTRALIA
1999,BAN,182,10,3,WI,LOST,DUBLIN,AUSTRALIA
1999,BAN,185,9,10,SCO,WON,EDINBURGH,AUSTRALIA
1999,BAN,178,7,3,AUS,LOST,CHESTER-LE-STREET,AUSTRALIA
1999,BAN,223,9,10,PAK,WON,NORTHAMPTON,AUSTRALIA
1999,AUS,182,4,7,SCO,WON,WORCESTER,AUSTRALIA
1999,AUS,213,8,5,NZ,LOST,CARDIFF,AUSTRALIA
1999,AUS,265,10,8,PAK,LOST,LEEDS,AUSTRALIA
1999,AUS,181,3,7,BAN,WON,CHESTER-LE-STREET,AUSTRALIA
1999,AUS,111,4,10,WI,WON,MANCHESTER,AUSTRALIA
1999,AUS,282,6,10,IND,WON,LONDON,AUSTRALIA
1999,AUS,303,4,6,ZIM,WON,LONDON,AUSTRALIA
1999,AUS,272,5,7,SA,WON,LEEDS,AUSTRALIA
1999,AUS,213,10,10,SA,TIED,BIRMINGHAM,AUSTRALIA
1999,AUS,133,2,10,PAK,WON,LONDON,AUSTRALIA
1999,NZ,117,4,10,BAN,WON,CHELMSFORD,AUSTRALIA
1999,NZ,214,5,8,AUS,WON,CARDIFF,AUSTRALIA
1999,NZ,156,10,3,WI,LOST,SOUTHAMPTON,AUSTRALIA
1999,NZ,207,8,8,PAK,LOST,DERBY,AUSTRALIA
1999,NZ,123,4,10,SCO,WON,EDINBURGH,AUSTRALIA
1999,NZ,70,NR,NR,ZIM,NR,LEEDS,AUSTRALIA
1999,NZ,213,8,5,SA,LOST,BIRMINGHAM,AUSTRALIA
1999,NZ,253,5,6,IND,WON,NOTTINGHAM,AUSTRALIA
1999,NZ,241,7,1,PAK,LOST,MANCHESTER,AUSTRALIA
2003,SA,278,5,9,WI,LOST,CAPE TOWN,AUSTRALIA
2003,SA,142,0,10,KEN,WON,POTCHEFSTROOM,AUSTRALIA
2003,SA,306,6,1,NZ,LOST,JOHANNESBERG,AUSTRALIA
2003,SA,109,0,10,BAN,WON,BLOEMFONTEIN,AUSTRALIA
2003,SA,254,8,5,CAN,WON,EAST LONDON,AUSTRALIA
2003,SA,229,6,9,SL,TIE,DURBAN,AUSTRALIA
2003,WI,278,5,9,SL,WON,CAPE TOWN,AUSTRALIA
2003,WI,221,10,7,NZ,LOST,GQEBERHA,AUSTRALIA
2003,WI,NR,NR,NR,BAN,NR,BENONI,AUSTRALIA
2003,WI,206,3,10,CAN,WON,CENTURION,AUSTRALIA
2003,WI,222,9,6,SL,LOST,CAPE TOWN,AUSTRALIA
2003,WI,246,7,10,KEN,WON,KIMBERLEY,AUSTRALIA
2003,NZ,225,10,7,SL,LOST,BLOEMFONTEIN,AUSTRALIA
2003,NZ,241,7,10,WI,WON,GQEBERHA,AUSTRALIA
2003,NZ,229,1,6,SA,WON,JOHANNESBERG,AUSTRALIA
2003,NZ,NR,NR,NR,KEN,LOST,NAIROBI,AUSTRALIA
2003,NZ,199,3,7,BAN,WON,KIMBERLEY,AUSTRALIA
2003,NZ,197,5,10,CAN,WON,BENONI,AUSTRALIA
2003,NZ,253,4,7,ZIM,WON,BLOEMFONTEIN,AUSTRALIA
2003,NZ,112,10,9,AUS,LOST,GQEBERHA,AUSTRALIA
2003,NZ,146,10,3,IND,LOST,CENTURION,AUSTRALIA
2003,SL,272,7,10,NZ,WON,BLOEMFONTEIN,AUSTRALIA
2003,SL,126,0,10,BAN,WON,PIETERMARITZBURG,AUSTRALIA
2003,SL,37,1,10,CAN,WON,PAARI,AUSTRALIA
2003,SL,157,10,9,KEN,LOST,NAIROBI,AUSTRALIA
2003,SL,228,6,9,WI,WON,CAPE TOWN,AUSTRALIA
2003,SL,268,9,6,SA,TIE,DURBAN,AUSTRALIA
2003,SL,223,10,5,AUS,LOST,CENTURION,AUSTRALIA
2003,SL,109,10,6,IND,LOST,JOHANNESBERG,AUSTRALIA
2003,SL,256,5,10,ZIM,WON,EAST LONDON,AUSTRALIA
2003,SL,123,7,7,AUS,LOST,GQEBERHA,AUSTRALIA
2003,ZIM,340,2,5,NAM,WON,HARARE,AUSTRALIA
2003,ZIM,NR,NR,NR,ENG,WON,HARARE,AUSTRALIA
2003,ZIM,172,10,7,IND,LOST,HARARE,AUSTRALIA
2003,ZIM,246,9,3,AUS,LOST,BULAWAYO,AUSTRALIA
2003,ZIM,301,8,9,NED,WON,BULAWAYO,AUSTRALIA
2003,ZIM,NR,NR,NR,PAK,NR,BULAWAYO,AUSTRALIA
2003,ZIM,252,7,4,NZ,LOST,BLOEMFONTEIN,AUSTRALIA
2003,ZIM,133,10,3,KEN,LOST,BLOEMFONTEIN,AUSTRALIA
2003,ZIM,182,10,5,SL,LOST,EAST LONDON,AUSTRALIA
2003,NAM,104,5,2,ZIM,LOST,HARARE,AUSTRALIA
2003,NAM,84,10,9,PAK,LOST,KIMBERLEY,AUSTRALIA
2003,NAM,217,9,10,ENG,LOST,GQEBERHA,AUSTRALIA
2003,NAM,130,10,2,IND,LOST,PIETERMARITZBURG,AUSTRALIA
2003,NAM,45,10,6,AUS,LOST,POTCHEFSTROOM,AUSTRALIA
2003,NAM,250,10,4,NED,LOST,BLOEMFONTEIN,AUSTRALIA
2003,AUS,310,8,10,PAK,WON,JOHANNESBERG,AUSTRALIA
2003,AUS,128,1,10,IND,WON,CENTURION,AUSTRALIA
2003,AUS,170,2,10,NED,WON,POTCHEFSTROOM,AUSTRALIA
2003,AUS,248,3,9,ZIM,WON,BULAWAYO,AUSTRALIA
2003,AUS,301,6,10,NAM,WON,POTCHEFSTROOM,AUSTRALIA
2003,AUS,208,8,8,ENG,WON,GQEBERHA,AUSTRALIA
2003,AUS,319,5,10,SL,WON,CENTURION,AUSTRALIA
2003,AUS,208,9,10,NZ,WON,GQEBERHA,AUSTRALIA
2003,AUS,178,5,8,KEN,WON,DURBAN,AUSTRALIA
2003,AUS,212,7,7,SL,WON,GQEBERHA,AUSTRALIA
2003,AUS,359,2,10,IND,WON,JOHANNESBERG,AUSTRALIA
2003,PAK,228,10,8,AUS,LOST,JOHANNESBERG,AUSTRALIA
2003,PAK,255,9,10,NAM,WON,KIMBERLEY,AUSTRALIA
2003,PAK,134,10,8,ENG,LOST,CAPE TOWN,AUSTRALIA
2003,PAK,253,9,10,NED,WON,PAARI,AUSTRALIA
2003,PAK,273,7,4,IND,LOST,CENTURION,AUSTRALIA
2003,PAK,NR,NR,NR,ZIM,NR,BULAWAYO,AUSTRALIA
2003,BAN,120,10,10,CAN,LOST,DURBAN,AUSTRALIA
2003,BAN,124,10,0,SL,LOST,PIETERMARITZBURG,AUSTRALIA
2003,BAN,NR,NR,NR,WI,NR,BENONI,AUSTRALIA
2003,BAN,108,10,0,SA,LOST,BLOEMFONTEIN,AUSTRALIA
2003,BAN,198,7,3,NZ,LOST,KIMBERLEY,AUSTRALIA
2003,BAN,185,10,7,KEN,LOST,JOHANNESBERG,AUSTRALIA
2003,CAN,180,10,10,BAN,WON,DURBAN,AUSTRALIA
2003,CAN,197,10,6,KEN,LOST,CAPE TOWN,AUSTRALIA
2003,CAN,36,10,1,SL,LOST,PAARI,AUSTRALIA
2003,CAN,202,10,3,WI,LOST,CENTURION,AUSTRALIA
2003,CAN,136,5,8,SA,LOST,EAST LONDON,AUSTRALIA
2003,CAN,196,10,5,NZ,LOST,BENONI,AUSTRALIA
2003,KEN,140,10,0,SA,LOST,POTCHEFSTROOM,AUSTRALIA
2003,KEN,198,6,10,CAN,WON,CAPE TOWN,AUSTRALIA
2003,KEN,NR,NR,NR,NZ,WON,NAIROBI,AUSTRALIA
2003,KEN,210,9,10,SL,WON,NAIROBI,AUSTRALIA
2003,KEN,217,7,10,BAN,WON,JOHANNESBERG,AUSTRALIA
2003,KEN,104,10,7,WI,LOST,KIMBERLEY,AUSTRALIA
2003,KEN,225,6,4,IND,LOST,CAPE TOWN,AUSTRALIA
2003,KEN,135,3,10,ZIM,WON,BLOEMFONTEIN,AUSTRALIA
2003,KEN,174,8,5,AUS,LOST,DURBAN,AUSTRALIA
2003,KEN,179,10,4,IND,LOST,DURBAN,AUSTRALIA
2003,IND,204,10,10,NED,WON,PAARI,AUSTRALIA
2003,IND,125,10,1,AUS,LOST,CENTURION,AUSTRALIA
2003,IND,255,7,10,ZIM,WON,HARARE,AUSTRALIA
2003,IND,311,2,10,NAM,WON,PIETERMARITZBURG,AUSTRALIA
2003,IND,250,9,10,ENG,WON,DURBAN,AUSTRALIA
2003,IND,276,4,7,PAK,WON,CENTURION,AUSTRALIA
2003,IND,226,4,6,KEN,WON,CAPE TOWN,AUSTRALIA
2003,IND,292,6,10,SL,WON,JOHANNESBERG,AUSTRALIA
2003,IND,150,3,10,NZ,WON,CENTURION,AUSTRALIA
2003,IND,270,4,10,KEN,WON,DURBAN,AUSTRALIA
2003,IND,234,10,2,AUS,LOST,JOHANNESBERG,AUSTRALIA
2003,NED,136,10,10,IND,LOST,PAARI,AUSTRALIA
2003,NED,142,9,4,ENG,LOST,EAST LONDON,AUSTRALIA
2003,NED,122,10,2,AUS,LOST,POTCHEFSTROOM,AUSTRALIA
2003,NED,156,10,9,PAK,LOST,PAARI,AUSTRALIA
2003,NED,202,9,8,ZIM,LOST,BULAWAYO,AUSTRALIA
2003,NED,314,4,10,NAM,WON,BLOEMFONTEIN,AUSTRALIA
2003,ENG,NR,NR,NR,ZIM,LOST,HARARE,AUSTRALIA
2003,ENG,144,4,9,NED,WON,EAST LONDON,AUSTRALIA
2003,ENG,272,10,9,NAM,WON,GQEBERHA,AUSTRALIA
2003,ENG,246,8,10,PAK,WON,CAPE TOWN,AUSTRALIA
2003,ENG,168,10,9,IND,LOST,DURBAN,AUSTRALIA
2003,ENG,204,8,8,AUS,LOST,GQEBERHA,AUSTRALIA
2007,WI,241,9,10,PAK,WON,JAMAICA,AUSTRALIA
2007,WI,204,4,5,ZIM,WON,JAMAICA,AUSTRALIA
2007,WI,190,2,8,IRE,WON,JAMAICA,AUSTRALIA
2007,WI,219,10,6,AUS,LOST,ANTIGUA,AUSTRALIA
2007,WI,177,10,3,NZ,LOST,ANTIGUA,AUSTRALIA
2007,WI,190,10,5,SL,LOST,GUYANA,AUSTRALIA
2007,WI,289,9,4,SA,LOST,GRENADA,AUSTRALIA
2007,WI,230,5,10,BAN,WON,BARBADOS,AUSTRALIA
2007,WI,300,10,9,ENG,LOST,BARBADOS,AUSTRALIA
2007,PAK,187,10,9,WI,LOST,JAMAICA,AUSTRALIA
2007,PAK,132,10,7,IRE,LOST,JAMAICA,AUSTRALIA
2007,PAK,349,10,10,ZIM,WON,JAMAICA,AUSTRALIA
2007,AUS,334,6,10,SCO,WON,ST.KITTS,AUSTRALIA
2007,AUS,358,5,10,NED,WON,ST.KITTS,AUSTRALIA
2007,AUS,377,6,10,SA,WON,ST.KITTS,AUSTRALIA
2007,AUS,322,6,10,WI,WON,ANTIGUA,AUSTRALIA
2007,AUS,106,0,6,BAN,WON,ANTIGUA,AUSTRALIA
2007,AUS,248,3,10,ENG,WON,ANTIGUA,AUSTRALIA
2007,AUS,92,1,10,IRE,WON,BARBADOS,AUSTRALIA
2007,AUS,232,3,10,SL,WON,GRENADA,AUSTRALIA
2007,AUS,348,6,10,NZ,WON,GRENADA,AUSTRALIA
2007,AUS,153,3,10,SA,WON,ST.LUCIA,AUSTRALIA
2007,AUS,281,4,8,SL,WON,BARBADOS,AUSTRALIA
2007,SCO,131,10,6,AUS,LOST,ST.KITTS,AUSTRALIA
2007,SCO,186,8,3,SA,LOST,ST.KITTS,AUSTRALIA
2007,SCO,136,10,2,NED,LOST,ST.KITTS,AUSTRALIA
2007,CAN,199,10,3,KEN,LOST,ST.LUCIA,AUSTRALIA
2007,CAN,228,7,6,ENG,LOST,ST.LUCIA,AUSTRALIA
2007,CAN,249,10,5,NZ,LOST,ST.LUCIA,AUSTRALIA
2007,KEN,203,3,10,CAN,WON,ST.LUCIA,AUSTRALIA
2007,KEN,183,10,7,NZ,LOST,ST.LUCIA,AUSTRALIA
2007,KEN,177,10,3,ENG,LOST,ST.LUCIA,AUSTRALIA
2007,BER,78,10,6,SL,LOST,TRINIDAD,AUSTRALIA
2007,BER,156,10,5,IND,LOST,TRINIDAD,AUSTRALIA
2007,BER,94,9,3,BAN,LOST,TRINIDAD,AUSTRALIA
2007,SL,321,6,10,BER,WON,TRINIDAD,AUSTRALIA
2007,SL,318,4,10,BAN,WON,TRINIDAD,AUSTRALIA
2007,SL,254,6,10,IND,WON,TRINIDAD,AUSTRALIA
2007,SL,209,10,9,SA,LOST,GUYANA,AUSTRALIA
2007,SL,303,5,10,WI,WON,GUYANA,AUSTRALIA
2007,SL,235,10,8,ENG,WON,ANTIGUA,AUSTRALIA
2007,SL,222,4,7,NZ,WON,GRENADA,AUSTRALIA
2007,SL,226,10,3,AUS,LOST,GRENADA,AUSTRALIA
2007,SL,81,2,10,IRE,WON,GRENADA,AUSTRALIA
2007,SL,289,5,10,NZ,WON,JAMAICA,AUSTRALIA
2007,SL,215,8,4,AUS,LOST,BARBADOS,AUSTRALIA
2007,IRE,221,9,10,ZIM,TIE,JAMAICA,AUSTRALIA
2007,IRE,133,7,10,PAK,WON,JAMAICA,AUSTRALIA
2007,IRE,183,8,2,WI,LOST,JAMAICA,AUSTRALIA
2007,IRE,218,10,7,ENG,LOST,GUYANA,AUSTRALIA
2007,IRE,152,8,3,SA,LOST,GUYANA,AUSTRALIA
2007,IRE,134,10,8,NZ,LOST,GUYANA,AUSTRALIA
2007,IRE,91,10,1,AUS,LOST,BARBADOS,AUSTRALIA
2007,IRE,243,7,10,BAN,WON,BARBADOS,AUSTRALIA
2007,IRE,77,10,2,SL,LOST,GRENADA,AUSTRALIA
2007,ZIM,221,10,9,IRE,TIE,JAMAICA,AUSTRALIA
2007,ZIM,202,5,4,WI,LOST,JAMAICA,AUSTRALIA
2007,ZIM,99,10,10,PAK,LOST,JAMAICA,AUSTRALIA
2007,ENG,209,7,4,NZ,LOST,ST.LUCIA,AUSTRALIA
2007,ENG,279,6,7,CAN,WON,ST.LUCIA,AUSTRALIA
2007,ENG,178,3,10,KEN,WON,ST.LUCIA,AUSTRALIA
2007,ENG,266,7,10,IRE,WON,GUYANA,AUSTRALIA
2007,ENG,233,8,10,SL,LOST,ANTIGUA,AUSTRALIA
2007,ENG,247,10,3,AUS,LOST,ANTIGUA,AUSTRALIA
2007,ENG,147,6,10,BAN,WON,BARBADOS,AUSTRALIA
2007,ENG,154,10,1,SA,LOST,BARBADOS,AUSTRALIA
2007,ENG,301,9,10,WI,WON,BARBADOS,AUSTRALIA
2007,NZ,210,4,7,ENG,WON,ST.LUCIA,AUSTRALIA
2007,NZ,331,7,10,KEN,WON,ST.LUCIA,AUSTRALIA
2007,NZ,363,5,10,CAN,WON,ST.LUCIA,AUSTRALIA
2007,NZ,179,3,10,WI,WON,ANTIGUA,AUSTRALIA
2007,NZ,178,1,10,BAN,WON,ANTIGUA,AUSTRALIA
2007,NZ,263,8,10,IRE,WON,GUYANA,AUSTRALIA
2007,NZ,219,7,4,SL,LOST,GRENADA,AUSTRALIA
2007,NZ,196,5,7,SA,WON,GRENADA,AUSTRALIA
2007,NZ,133,10,6,AUS,LOST,GRENADA,AUSTRALIA
2007,NZ,208,10,5,SL,LOST,JAMAICA,AUSTRALIA
2007,NED,132,9,3,SA,LOST,ST.KITTS,AUSTRALIA
2007,NED,129,10,5,AUS,LOST,ST.KITTS,AUSTRALIA
2007,NED,140,2,10,SCO,WON,ST.KITTS,AUSTRALIA
2007,SA,353,3,9,NED,WON,ST.KITTS,AUSTRALIA
2007,SA,188,3,8,SCO,WON,ST.KITTS,AUSTRALIA
2007,SA,294,10,6,AUS,LOST,ST.KITTS,AUSTRALIA
2007,SA,212,9,10,SL,WON,GUYANA,AUSTRALIA
2007,SA,165,3,8,IRE,WON,GUYANA,AUSTRALIA
2007,SA,184,10,8,BAN,LOST,GUYANA,AUSTRALIA
2007,SA,356,4,9,WI,WON,GRENADA,AUSTRALIA
2007,SA,193,7,5,NZ,LOST,GRENADA,AUSTRALIA
2007,SA,157,1,10,ENG,WON,BARBADOS,AUSTRALIA
2007,SA,149,10,3,AUS,LOST,ST.LUCIA,AUSTRALIA
2007,BAN,192,5,10,IND,WON,TRINIDAD,AUSTRALIA
2007,BAN,112,10,4,SL,LOST,TRINIDAD,AUSTRALIA
2007,BAN,96,3,9,BER,WON,TRINIDAD,AUSTRALIA
2007,BAN,104,6,10,AUS,LOST,ANTIGUA,AUSTRALIA
2007,BAN,174,10,1,NZ,LOST,ANTIGUA,AUSTRALIA
2007,BAN,251,8,10,SA,WON,GUYANA,AUSTRALIA
2007,BAN,143,10,6,ENG,LOST,BARBADOS,AUSTRALIA
2007,BAN,169,10,7,IRE,LOST,BARBADOS,AUSTRALIA
2007,BAN,131,10,5,WI,LOST,BARBADOS,AUSTRALIA
2007,IND,191,10,5,BAN,LOST,TRINIDAD,AUSTRALIA
2007,IND,413,5,10,BER,WON,TRINIDAD,AUSTRALIA
2007,IND,185,10,6,SL,LOST,TRINIDAD,AUSTRALIA
2011,BAN,283,9,4,IND,LOST,DHAKA,INDIA
2011,BAN,205,10,10,IRE,WON,DHAKA,INDIA
2011,BAN,58,10,1,WI,LOST,DHAKA,INDIA
2011,BAN,227,8,10,ENG,WON,CHATTOGRAM,INDIA
2011,BAN,166,4,10,NED,WON,CHATTOGRAM,INDIA
2011,BAN,78,10,8,SA,LOST,DHAKA,INDIA
2011,IND,370,4,9,BAN,WON,DHAKA,INDIA
2011,IND,338,10,8,ENG,TIE,BENGALURU,INDIA
2011,IND,210,5,10,IRE,WON,BENGALURU,INDIA
2011,IND,191,10,5,NED,WON,DELHI,INDIA
2011,IND,296,10,7,SA,LOST,NAGPUR,INDIA
2011,IND,268,10,10,WI,WON,CHENNAI,INDIA
2011,IND,267,5,6,AUS,WON,AHMEDABAD,INDIA
2011,IND,260,9,10,PAK,WON,MOHALI,INDIA
2011,IND,277,4,6,SL,WON,MUMBAI,INDIA
2011,NZ,72,0,10,KEN,WON,CHENNAI,INDIA
2011,NZ,206,10,3,AUS,LOST,NAGPUR,INDIA
2011,NZ,166,0,10,ZIM,WON,AHMEDABAD,INDIA
2011,NZ,302,7,10,PAK,WON,PALLEKALE,INDIA
2011,NZ,358,6,9,CAN,WON,MUMBAI,INDIA
2011,NZ,153,10,9,SL,LOST,MUMBAI,INDIA
2011,NZ,221,8,10,SA,WON,DHAKA,INDIA
2011,NZ,217,10,5,NZ,LOST,COLOMBO,INDIA
2011,PAK,317,7,10,KEN,WON,HAMBANTOTA,INDIA
2011,PAK,277,7,9,SL,WON,COLOMBO,INDIA
2011,PAK,184,10,10,CAN,WON,COLOMBO,INDIA
2011,PAK,192,10,7,NZ,LOST,PALLEKALE,INDIA
2011,PAK,164,3,7,ZIM,WON,PALLEKALE,INDIA
2011,PAK,178,6,10,AUS,WON,COLOMBO,INDIA
2011,PAK,113,0,10,WI,WON,DHAKA,INDIA
2011,PAK,231,10,9,IND,WON,MOHALI,INDIA
2011,KEN,69,10,0,NZ,LOST,CHENNAI,INDIA
2011,KEN,112,10,7,PAK,LOST,HAMBANTOTA,INDIA
2011,KEN,142,10,1,SL,LOST,COLOMBO,INDIA
2011,KEN,198,10,5,CAN,LOST,DELHI,INDIA
2011,KEN,264,6,6,AUS,LOST,BENGALURU,INDIA
2011,KEN,147,10,6,ZIM,LOST,KOLKATA,INDIA
2011,SL,332,7,10,CAN,WON,HAMBANTOTA,INDIA
2011,SL,266,9,7,PAK,LOST,COLOMBO,INDIA
2011,SL,146,1,10,KEN,WON,COLOMBO,INDIA
2011,SL,NR,NR,NR,AUS,NR,COLOMBO,INDIA
2011,SL,327,6,10,ZIM,WON,PALLEKALE,INDIA
2011,SL,265,9,10,NZ,WON,MUMBAI,INDIA
2011,SL,231,0,6,ENG,WON,COLOMBO,INDIA
2011,SL,220,5,10,NZ,WON,COLOMBO,INDIA
2011,SL,274,6,4,IND,LOST,MUMBAI,INDIA
2011,CAN,122,10,7,SL,LOST,HAMBANTOTA,INDIA
2011,CAN,123,10,9,ZIM,LOST,NAGPUR,INDIA
2011,CAN,138,10,10,PAK,LOST,COLOMBO,INDIA
2011,CAN,199,5,10,KEN,WON,DELHI,INDIA
2011,CAN,261,9,6,NZ,LOST,MUMBAI,INDIA
2011,CAN,211,10,3,AUS,LOST,BENGALURU,INDIA
2011,AUS,262,6,10,ZIM,WON,AHMEDABAD,INDIA
2011,AUS,207,3,10,NZ,WON,NAGPUR,INDIA
2011,AUS,NR,NR,NR,SL,NR,COLOMBO,INDIA
2011,AUS,324,6,6,KEN,WON,BENGALURU,INDIA
2011,AUS,212,3,10,CAN,WON,BENGALURU,INDIA
2011,AUS,176,10,6,PAK,LOST,COLOMBO,INDIA
2011,AUS,260,6,5,IND,LOST,AHMEDABAD,INDIA
2011,ZIM,171,10,6,AUS,LOST,AHMEDABAD,INDIA
2011,ZIM,298,9,10,CAN,WON,NAGPUR,INDIA
2011,ZIM,162,10,0,NZ,LOST,AHMEDABAD,INDIA
2011,ZIM,188,10,6,SL,LOST,PALLEKALE,INDIA
2011,ZIM,151,7,3,PAK,LOST,PALLEKALE,INDIA
2011,ZIM,308,6,10,KEN,WON,KOLKATA,INDIA
2011,ENG,296,4,6,NED,WON,NAGPUR,INDIA
2011,ENG,338,9,10,IND,TIE,BENGALURU,INDIA
2011,ENG,327,8,7,IRE,LOST,BENGALURU,INDIA
2011,ENG,171,10,10,SA,WON,CHENNAI,INDIA
2011,ENG,225,10,8,BAN,LOST,CHATTOGRAM,INDIA
2011,ENG,243,10,10,WI,WON,CHENNAI,INDIA
2011,ENG,229,6,0,SL,LOST,COLOMBO,INDIA
2011,NED,292,6,4,ENG,LOST,NAGPUR,INDIA
2011,NED,115,10,8,WI,LOST,DELHI,INDIA
2011,NED,120,10,5,SA,LOST,MOHALI,INDIA
2011,NED,189,10,5,IND,LOST,DELHI,INDIA
2011,NED,160,10,4,BAN,LOST,CHATTOGRAM,INDIA
2011,NED,306,10,4,IRE,LOST,KOLKATA,INDIA
2011,SA,223,3,10,WI,WON,DELHI,INDIA
2011,SA,351,5,10,NED,WON,MOHALI,INDIA
2011,SA,165,10,10,ENG,LOST,CHENNAI,INDIA
2011,SA,300,7,10,IND,LOST,NAGPUR,INDIA
2011,SA,272,7,10,IRE,LOST,KOLKATA,INDIA
2011,SA,284,8,10,BAN,LOST,DHAKA,INDIA
2011,SA,172,10,8,NZ,WON,DHAKA,INDIA
2011,WI,222,10,3,SA,LOST,DELHI,INDIA
2011,WI,330,8,10,NED,WON,DELHI,INDIA
2011,WI,59,1,10,BAN,WON,DHAKA,INDIA
2011,WI,275,10,10,IRE,WON,MOHALI,INDIA
2011,WI,225,10,10,ENG,LOST,CHENNAI,INDIA
2011,WI,188,10,10,IND,LOST,CHENNAI,INDIA
2011,WI,112,10,0,PAK,LOST,DHAKA,INDIA
2011,IRE,178,10,10,BAN,LOST,DHAKA,INDIA
2011,IRE,329,7,8,ENG,WON,BENGALURU,INDIA
2011,IRE,207,10,5,IND,LOST,BENGALURU,INDIA
2011,IRE,231,10,10,WI,LOST,MOHALI,INDIA
2011,IRE,141,10,7,SA,LOST,KOLKATA,INDIA
2011,IRE,307,4,10,NED,WON,KOLKATA,INDIA
2015,NZ,331,6,10,SL,WON,CHRISTCHURCH,AUSTRALIA
2015,NZ,146,7,10,SCO,WON,DUNEDIN,AUSTRALIA
2015,NZ,125,2,10,ENG,WON,WELLINGTON,AUSTRALIA
2015,NZ,152,9,10,AUS,WON,AUCKLAND,AUSTRALIA
2015,NZ,188,4,10,AFG,WON,NAPIER,AUSTRALIA
2015,NZ,290,7,7,BAN,WON,HAMILTON,AUSTRALIA
2015,NZ,393,6,10,WI,WON,WELLINGTON,AUSTRALIA
2015,NZ,299,6,5,SA,WON,AUCKLAND,AUSTRALIA
2015,SL,233,10,6,NZ,LOST,CHRISTCHURCH,AUSTRALIA
2015,SL,236,6,10,AFG,WON,DUNEDIN,AUSTRALIA
2015,SL,332,1,10,BAN,WON,MELBOURNE,AUSTRALIA
2015,SL,312,1,6,ENG,WON,WELLINGTON,AUSTRALIA
2015,SL,312,10,9,AUS,LOST,SYDNEY,AUSTRALIA
2015,SL,363,9,10,SCO,WON,HOBART,AUSTRALIA
2015,SL,133,10,1,SA,LOST,SYDNEY,AUSTRALIA
2015,AUS,342,9,1,ENG,WON,MELBOURNE,AUSTRALIA
2015,AUS,NR,NR,NR,BAN,NR,BRISBANE,AUSTRALIA
2015,AUS,151,10,9,NZ,LOST,AUCKLAND,AUSTRALIA
2015,AUS,417,6,10,AFG,WON,PERTH,AUSTRALIA
2015,AUS,376,9,10,SL,WON,SYDNEY,AUSTRALIA
2015,AUS,133,3,10,SCO,WON,HOBART,AUSTRALIA
2015,AUS,216,4,10,PAK,WON,ADELAIDE,AUSTRALIA
2015,AUS,328,7,10,IND,WON,SYDNEY,AUSTRALIA
2015,AUS,186,3,10,NZ,WON,MELBOURNE,AUSTRALIA
2015,ENG,231,10,9,AUS,LOST,MELBOURNE,AUSTRALIA
2015,ENG,123,10,2,NZ,LOST,WELLINGTON,AUSTRALIA
2015,ENG,303,8,10,SCO,WON,CHRISTCHURCH,AUSTRALIA
2015,ENG,309,6,1,SL,LOST,WELLINGTON,AUSTRALIA
2015,ENG,260,10,7,BAN,LOST,ADELAIDE,AUSTRALIA
2015,ENG,101,1,7,AFG,WON,SYDNEY,AUSTRALIA
2015,SA,339,4,10,ZIM,WON,HAMILTON,AUSTRALIA
2015,SA,177,10,7,IND,LOST,MELBOURNE,AUSTRALIA
2015,SA,408,5,10,WI,WON,SYDNEY,AUSTRALIA
2015,SA,411,4,10,IRE,WON,CANBERRA,AUSTRALIA
2015,SA,202,10,10,PAK,LOST,AUCKLAND,AUSTRALIA
2015,SA,341,6,10,UAE,WON,WELLINGTON,AUSTRALIA
2015,SA,134,1,10,SL,WON,SYDNEY,AUSTRALIA
2015,SA,281,5,6,NZ,LOST,AUCKLAND,AUSTRALIA
2015,ZIM,277,10,4,SA,LOST,HAMILTON,AUSTRALIA
2015,ZIM,286,6,7,UAE,WON,NELSON,AUSTRALIA
2015,ZIM,289,10,2,WI,LOST,CANBERRA,AUSTRALIA
2015,ZIM,215,10,7,PAK,LOST,BRISBANE,AUSTRALIA
2015,ZIM,326,10,8,IRE,LOST,HOBART,AUSTRALIA
2015,ZIM,287,10,4,IND,LOST,AUCKLAND,AUSTRALIA
2015,IND,300,7,10,PAK,WON,ADELAIDE,AUSTRALIA
2015,IND,307,7,10,SA,WON,MELBOURNE,AUSTRALIA
2015,IND,104,1,10,UAE,WON,PERTH,AUSTRALIA
2015,IND,185,6,10,WI,WON,PERTH,AUSTRALIA
2015,IND,260,2,10,IRE,WON,HAMILTON,AUSTRALIA
2015,IND,288,4,7,ZIM,WON,AUCKLAND,AUSTRALIA
2015,IND,302,6,10,BAN,WON,MELBOURNE,AUSTRALIA
2015,IND,233,10,7,AUS,LOST,SYDNEY,AUSTRALIA
2015,PAK,224,10,7,IND,LOST,ADELAIDE,AUSTRALIA
2015,PAK,160,10,6,WI,LOST,CHRISTCHURCH,AUSTRALIA
2015,PAK,235,7,10,ZIM,WON,BRISBANE,AUSTRALIA
2015,PAK,339,6,8,UAE,WON,NAPIER,AUSTRALIA
2015,PAK,222,10,10,SA,WON,AUCKLAND,AUSTRALIA
2015,PAK,241,3,10,IRE,WON,ADELAIDE,AUSTRALIA
2015,PAK,231,10,4,AUS,LOST,ADELAIDE,AUSTRALIA
2015,IRE,307,6,7,WI,WON,NAPIER,AUSTRALIA
2015,IRE,279,8,9,UAE,WON,BRISBANE,AUSTRALIA
2015,IRE,210,10,4,SA,LOST,CANBERRA,AUSTRALIA
2015,IRE,331,8,10,ZIM,WON,HOBART,AUSTRALIA
2015,IRE,259,10,2,IND,LOST,HAMILTON,AUSTRALIA
2015,IRE,237,10,3,PAK,LOST,ADELAIDE,AUSTRALIA
2015,WI,304,7,6,IRE,LOST,NELSON,AUSTRALIA
2015,WI,310,6,10,PAK,WON,CHRISTCHURCH,AUSTRALIA
2015,WI,372,2,10,ZIM,WON,CANBERRA,AUSTRALIA
2015,WI,151,10,5,SA,LOST,SYDNEY,AUSTRALIA
2015,WI,182,10,6,IND,LOST,PERTH,AUSTRALIA
2015,WI,176,4,10,UAE,WON,NAPIER,AUSTRALIA
2015,WI,250,10,6,NZ,LOST,WELLINGTON,AUSTRALIA
2015,SCO,142,10,7,NZ,LOST,DUNEDIN,AUSTRALIA
2015,SCO,184,10,8,ENG,LOST,CHRISTCHURCH,AUSTRALIA
2015,SCO,210,10,9,AFG,LOST,DUNEDIN,AUSTRALIA
2015,SCO,318,8,4,BAN,LOST,NELSON,AUSTRALIA
2015,SCO,215,10,9,SL,LOST,HOBART,AUSTRALIA
2015,SCO,130,10,3,AUS,LOST,HOBART,AUSTRALIA
2015,BAN,267,10,10,AFG,WON,CANBERRA,AUSTRALIA
2015,BAN,NR,NR,NR,AUS,NR,BRISBANE,AUSTRALIA
2015,BAN,240,10,1,SL,LOST,MELBOURNE,AUSTRALIA
2015,BAN,322,4,8,SCO,WON,NELSON,AUSTRALIA
2015,BAN,275,7,10,ENG,WON,ADELAIDE,AUSTRALIA
2015,BAN,288,7,7,NZ,LOST,HAMILTON,AUSTRALIA
2015,BAN,193,10,6,IND,LOST,MELBOURNE,AUSTRALIA
2015,UAE,285,7,6,ZIM,LOST,NNE,AUSTRALIA
2015,UAE,278,9,8,IRE,LOST,BRISBANE,AUSTRALIA
2015,UAE,102,10,1,IND,LOST,PERTH,AUSTRALIA
2015,UAE,210,8,6,PAK,LOST,NAPIER,AUSTRALIA
2015,UAE,195,10,6,SA,LOST,WELLINGTON,AUSTRALIA
2015,UAE,175,10,4,WI,LOST,NAPIER,AUSTRALIA
2015,AFG,162,10,10,BAN,LOST,CANBERRA,AUSTRALIA
2015,AFG,232,10,6,SL,LOST,DUNEDIN,AUSTRALIA
2015,AFG,211,9,10,SCO,WON,DUNEDIN,AUSTRALIA
2015,AFG,142,10,6,AUS,LOST,PERTH,AUSTRALIA
2015,AFG,186,10,4,NZ,LOST,NAPIER,AUSTRALIA
2015,AFG,111,7,1,ENG,LOST,SYDNEY,AUSTRALIA
2019,ENG,311,8,10,SA,WON,LONDON,ENGLAND
2019,ENG,334,9,8,PAK,LOST,NOTTINGHAM,ENGLAND
2019,ENG,386,6,10,BAN,WON,CARDIFF,ENGLAND
2019,ENG,231,2,10,WI,WON,SOUTHAMPTON,ENGLAND
2019,ENG,397,6,8,AFG,WON,MANCHESTER,ENGLAND
2019,ENG,212,10,9,SL,LOST,LEEDS,ENGLAND
2019,ENG,221,10,7,AUS,LOST,LONDON,ENGLAND
2019,ENG,337,7,5,IND,WON,BIRMINGHAM,ENGLAND
2019,ENG,305,8,10,NZ,WON,CHESTER-LE-STREET,ENGLAND
2019,ENG,226,2,10,AUS,WON,BIRMINGHAM,ENGLAND
2019,ENG,241,10,8,NZ,WON,LONDON,ENGLAND
2019,SA,207,10,8,ENG,LOST,LONDON,ENGLAND
2019,SA,309,8,6,BAN,LOST,LONDON,ENGLAND
2019,SA,227,9,4,IND,LOST,SOUTHAMPTON,ENGLAND
2019,SA,NR,NR,NR,WI,NR,SOUTHAMPTON,ENGLAND
2019,SA,131,1,10,AFG,WON,CARDIFF,ENGLAND
2019,SA,241,6,6,NZ,LOST,BIRMINGHAM,ENGLAND
2019,SA,259,9,7,PAK,LOST,LONDON,ENGLAND
2019,SA,206,1,10,SL,WON,CHESTER-LE-STREET,ENGLAND
2019,SA,325,6,10,AUS,WON,MANCHESTER,ENGLAND
2019,WI,108,3,10,PAK,WON,NOTTINGHAM,ENGLAND
2019,WI,273,9,10,AUS,LOST,NOTTINGHAM,ENGLAND
2019,WI,NR,NR,NR,SA,NR,SOUTHAMPTON,ENGLAND
2019,WI,212,10,2,ENG,LOST,SOUTHAMPTON,ENGLAND
2019,WI,321,8,3,BAN,LOST,TAUNTON,ENGLAND
2019,WI,286,10,8,NZ,LOST,MANCHESTER,ENGLAND
2019,WI,143,10,7,IND,LOST,MANCHESTER,ENGLAND
2019,WI,315,9,6,SL,LOST,CHESTER-LE-STREET,ENGLAND
2019,WI,311,6,10,AFG,WON,LEEDS,ENGLAND
2019,PAK,105,10,3,WI,LOST,NOTTINGHAM,ENGLAND
2019,PAK,348,8,9,ENG,WON,NOTTINGHAM,ENGLAND
2019,PAK,NR,NR,NR,SL,NR,BRISTOL,ENGLAND
2019,PAK,266,10,10,AUS,LOST,TAUNTON,ENGLAND
2019,PAK,212,6,5,IND,LOST,MANCHESTER,ENGLAND
2019,PAK,308,7,9,SA,WON,LONDON,ENGLAND
2019,PAK,241,4,6,NZ,WON,BIRMINGHAM,ENGLAND
2019,PAK,230,7,9,AFG,WON,LEEDS,ENGLAND
2019,PAK,315,9,10,BAN,WON,LONDON,ENGLAND
2019,NZ,137,0,10,SL,WON,CARDIFF,ENGLAND
2019,NZ,248,8,10,BAN,WON,LONDON,ENGLAND
2019,NZ,173,3,10,AFG,WON,TAUNTON,ENGLAND
2019,NZ,NR,NR,NR,IND,NR,NOTTINGHAM,ENGLAND
2019,NZ,245,6,6,SA,WON,BIRMINGHAM,ENGLAND
2019,NZ,291,8,10,WI,WON,MANCHESTER,ENGLAND
2019,NZ,237,6,4,PAK,LOST,BIRMINGHAM,ENGLAND
2019,NZ,157,10,9,AUS,LOST,LONDON,ENGLAND
2019,NZ,186,10,8,ENG,LOST,CHESTER-LE-STREET,ENGLAND
2019,NZ,239,8,10,IND,WON,MANCHESTER,ENGLAND
2019,NZ,241,8,10,ENG,LOST,LONDON,ENGLAND
2019,SL,136,10,0,NZ,LOST,CARDIFF,ENGLAND
2019,SL,201,10,10,AFG,WON,CARDIFF,ENGLAND
2019,SL,NR,NR,NR,PAK,NR,BRISTOL,ENGLAND
2019,SL,NR,NR,NR,BAN,NR,BRISTOL,ENGLAND
2019,SL,247,10,7,AUS,LOST,LONDON,ENGLAND
2019,SL,232,9,10,ENG,WON,LEEDS,ENGLAND
2019,SL,203,10,1,SA,LOST,CHESTER-LE-STREET,ENGLAND
2019,SL,338,6,9,WI,WON,CHESTER-LE-STREET,ENGLAND
2019,SL,264,7,3,IND,LOST,LEEDS,ENGLAND
2019,AFG,207,10,3,AUS,LOST,BRISTOL,ENGLAND
2019,AFG,152,10,10,SL,LOST,CARDIFF,ENGLAND
2019,AFG,172,10,3,NZ,LOST,TAUNTON,ENGLAND
2019,AFG,125,10,1,SA,LOST,CARDIFF,ENGLAND
2019,AFG,247,8,6,ENG,LOST,MANCHESTER,ENGLAND
2019,AFG,213,10,8,IND,LOST,SOUTHAMPTON,ENGLAND
2019,AFG,200,10,7,BAN,LOST,SOUTHAMPTON,ENGLAND
2019,AFG,227,9,7,PAK,LOST,LEEDS,ENGLAND
2019,AFG,288,10,6,WI,LOST,LEEDS,ENGLAND
2019,AUS,209,3,10,AFG,WON,BRISTOL,ENGLAND
2019,AUS,288,10,9,WI,WON,NOTTINGHAM,ENGLAND
2019,AUS,316,10,5,IND,LOST,LONDON,ENGLAND
2019,AUS,307,10,10,PAK,WON,TAUNTON,ENGLAND
2019,AUS,334,7,10,SL,WON,LONDON,ENGLAND
2019,AUS,381,5,8,BAN,WON,NOTTINGHAM,ENGLAND
2019,AUS,285,7,10,ENG,WON,LONDON,ENGLAND
2019,AUS,243,9,10,NZ,WON,LONDON,ENGLAND
2019,AUS,315,10,6,SA,LOST,MANCHESTER,ENGLAND
2019,AUS,223,10,2,ENG,LOST,BIRMINGHAM,ENGLAND
2019,BAN,330,6,8,SA,WON,LONDON,ENGLAND
2019,BAN,244,10,8,NZ,LOST,LONDON,ENGLAND
2019,BAN,280,10,6,ENG,LOST,CARDIFF,ENGLAND
2019,BAN,NR,NR,NR,SL,NR,BRISTOL,ENGLAND
2019,BAN,322,3,8,WI,WON,TAUNTON,ENGLAND
2019,BAN,333,5,8,AUS,LOST,NOTTINGHAM,ENGLAND
2019,BAN,262,7,10,AFG,WON,SOUTHAMPTON,ENGLAND
2019,BAN,286,10,9,IND,LOST,BIRMINGHAM,ENGLAND
2019,BAN,221,10,9,PAK,LOST,LONDON,ENGLAND
2019,IND,230,4,9,SA,WON,SOUTHAMPTON,ENGLAND
2019,IND,352,5,10,AUS,WON,LONDON,ENGLAND
2019,IND,NR,NR,NR,NZ,NR,NOTTINGHAM,ENGLAND
2019,IND,336,5,6,PAK,WON,MANCHESTER,ENGLAND
2019,IND,224,8,10,AFG,WON,SOUTHAMPTON,ENGLAND
2019,IND,268,7,10,WI,WON,MANCHESTER,ENGLAND
2019,IND,306,5,7,ENG,WON,BIRMINGHAM,ENGLAND
2019,IND,314,9,10,BAN,WON,BIRMINGHAM,ENGLAND
2019,IND,265,3,7,SL,WON,LEEDS,ENGLAND
2019,IND,221,10,8,NZ,LOST,MANCHESTER,ENGLAND