YEAR,TEAM,RUNS_SCORED,WICKETS_LOST,WICKETS_TAKEN,AGAINST,WINNER,VENUE,HOST_COUNTRY,CHAMPION
1975,AUS,192,10,3,WI,WI,LONDON,ENGLAND,WEST INDIES
1975,AUS,274,10,8,WI,WI,LONDON,ENGLAND,WEST INDIES
1975,ENG,93,10,6,AUS,AUS,LEEDS,ENGLAND,WEST INDIES
1975,IND,132,3,4,ENG,ENG,LONDON,ENGLAND,WEST INDIES
1975,IND,230,10,6,NZ,NZ,MANCHESTER,ENGLAND,WEST INDIES
1975,PAK,205,10,7,AUS,AUS,LEEDS,ENGLAND,WEST INDIES
1975,PAK,266,7,9,WI,WI,BIRMINGHAM,ENGLAND,WEST INDIES
1975,SL,86,10,1,WI,WI,MANCHESTER,ENGLAND,WEST INDIES
1975,SL,276,4,5,AUS,AUS,LONDON,ENGLAND,WEST INDIES
1975,SL,138,10,6,PAK,PAK,NOTTHINGHAM,ENGLAND,WEST INDIES
1975,EA,128,5,8,NZ,NZ,BIRMINGHAM,ENGLAND,WEST INDIES
1975,EA,120,10,0,IND,IND,LEEDS,ENGLAND,WEST INDIES
1975,EA,94,10,5,ENG,ENG,BIRMINGHAM,ENGLAND,WEST INDIES
1975,NZ,186,10,6,ENG,ENG,NOTTHINGHAM,ENGLAND,WEST INDIES
1975,NZ,158,10,5,WI,WI,LONDON,ENGLAND,WEST INDIES
1975,AUS,278,7,10,PAK,AUS,LEEDS,ENGLAND,WEST INDIES
1975,AUS,328,5,4,SL,AUS,LONDON,ENGLAND,WEST INDIES
1975,AUS,94,6,10,ENG,AUS,LEEDS,ENGLAND,WEST INDIES
1975,ENG,334,4,3,IND,ENG,LONDON,ENGLAND,WEST INDIES
1975,ENG,266,6,10,NZ,ENG,NOTTHINGHAM,ENGLAND,WEST INDIES
1975,ENG,290,5,10,EA,ENG,BIRMINGHAM,ENGLAND,WEST INDIES
1975,IND,123,0,10,EA,IND,LEEDS,ENGLAND,WEST INDIES
1975,PAK,330,6,10,SL,PAK,NOTTHINGHAM,ENGLAND,WEST INDIES
1975,WI,87,1,10,SL,WI,MANCHESTER,ENGLAND,WEST INDIES
1975,WI,267,9,7,PAK,WI,BIRMINGHAM,ENGLAND,WEST INDIES
1975,WI,195,3,10,AUS,WI,LONDON,ENGLAND,WEST INDIES
1975,WI,159,5,10,NZ,WI,LONDON,ENGLAND,WEST INDIES
1975,WI,291,8,10,AUS,WI,LONDON,ENGLAND,WEST INDIES
1975,NZ,309,5,8,EA,NZ,BIRMINGHAM,ENGLAND,WEST INDIES
1975,NZ,233,6,10,IND,NZ,MANCHESTER,ENGLAND,WEST INDIES
1979,IND,190,10,1,WI,WI,BIRMINGHAM,ENGLAND,WEST INDIES
1979,IND,182,10,2,NZ,NZ,LEEDS,ENGLAND,WEST INDIES
1979,IND,238,10,5,SL,SL,MANCHESTER,ENGLAND,WEST INDIES
1979,NZ,212,9,7,WI,WI,NOTTINGHAM,ENGLAND,WEST INDIES
1979,NZ,212,9,8,ENG,ENG,MANCHESTER,ENGLAND,WEST INDIES
1979,SL,189,10,1,NZ,NZ,NOTTINGHAM,ENGLAND,WEST INDIES
1979,ENG,194,9,10,WI,WI,LONDON,ENGLAND,WEST INDIES
1979,AUS,159,9,4,ENG,ENG,LONDON,ENGLAND,WEST INDIES
1979,AUS,197,10,7,PAK,PAK,NOTTINGHAM,ENGLAND,WEST INDIES
1979,CAN,139,9,2,PAK,PAK,LEEDS,ENGLAND,WEST INDIES
1979,CAN,45,10,2,ENG,ENG,MANCHESTER,ENGLAND,WEST INDIES
1979,CAN,105,10,3,AUS,AUS,BIRMINGHAM,ENGLAND,WEST INDIES
1979,PAK,151,10,9,ENG,ENG,LEEDS,ENGLAND,WEST INDIES
1979,PAK,250,10,6,WI,WI,LONDON,ENGLAND,WEST INDIES
1979,WI,190,10,1,IND,WI,BIRMINGHAM,ENGLAND,WEST INDIES
1979,WI,244,7,9,NZ,WI,NOTTINGHAM,ENGLAND,WEST INDIES
1979,WI,293,6,10,PAK,WI,LONDON,ENGLAND,WEST INDIES
1979,WI,286,9,10,ENG,WI,LONDON,ENGLAND,WEST INDIES
1979,NZ,190,1,10,SL,NZ,NOTTINGHAM,ENGLAND,WEST INDIES
1979,NZ,183,2,10,IND,NZ,LEEDS,ENGLAND,WEST INDIES
1979,SL,238,5,10,IND,SL,MANCHESTER,ENGLAND,WEST INDIES
1979,ENG,160,4,9,AUS,ENG,LONDON,ENGLAND,WEST INDIES
1979,ENG,46,2,10,CAN,ENG,MANCHESTER,ENGLAND,WEST INDIES
1979,ENG,165,9,10,PAK,ENG,LEEDS,ENGLAND,WEST INDIES
1979,ENG,221,8,9,NZ,ENG,MANCHESTER,ENGLAND,WEST INDIES
1979,AUS,106,3,10,CAN,AUS,BIRMINGHAM,ENGLAND,WEST INDIES
1979,PAK,140,2,9,CAN,PAK,LEEDS,ENGLAND,WEST INDIES
1979,PAK,286,7,10,AUS,PAK,NOTTINGHAM,ENGLAND,WEST INDIES
1983,ENG,234,10,8,NZ,NZ,BIRMINGHAM,ENGLAND,INDIA
1983,ENG,213,10,4,IND,IND,MANCHESTER,ENGLAND,INDIA
1983,NZ,216,10,6,ENG,ENG,LONDON,ENGLAND,INDIA
1983,NZ,181,10,7,SL,SL,DERBY,ENGLAND,INDIA
1983,NZ,250,10,3,PAK,PAK,NOTTINGHAM,ENGLAND,INDIA
1983,PAK,186,10,9,NZ,NZ,BIRMINGHAM,ENGLAND,INDIA
1983,PAK,193,8,2,ENG,ENG,LONDON,ENGLAND,INDIA
1983,PAK,232,8,3,ENG,ENG,MANCHESTER,ENGLAND,INDIA
1983,PAK,184,8,2,WI,WI,LONDON,ENGLAND,INDIA
1983,SL,288,9,5,PAK,PAK,SWANSEA,ENGLAND,INDIA
1983,SL,206,10,5,NZ,NZ,BRISTOL,ENGLAND,INDIA
1983,SL,224,10,7,PAK,PAK,LEEDS,ENGLAND,INDIA
1983,SL,136,10,1,ENG,ENG,LEEDS,ENGLAND,INDIA
1983,AUS,226,7,6,ZIM,ZIM,NOTTINGHAM,ENGLAND,INDIA
1983,AUS,151,10,9,WI,WI,LEEDS,ENGLAND,INDIA
1983,AUS,273,6,3,WI,WI,LONDON,ENGLAND,INDIA
1983,AUS,129,10,10,IND,IND,CHELMSFORD,ENGLAND,INDIA
1983,ZIM,155,10,5,IND,IND,LEICESTER,ENGLAND,INDIA
1983,ZIM,217,7,2,WI,WI,WORCESTER,ENGLAND,INDIA
1983,ZIM,240,10,7,AUS,AUS,SOUTHAMPTON,ENGLAND,INDIA
1983,ZIM,235,10,8,IND,IND,TURNBRIDGE WELLS,ENGLAND,INDIA
1983,ZIM,171,10,0,WI,WI,BIRMINGHAM,ENGLAND,INDIA
1983,IND,158,10,9,AUS,AUS,NOTTINGHAM,ENGLAND,INDIA
1983,IND,216,10,9,WI,WI,LONDON,ENGLAND,INDIA
1983,WI,228,10,8,IND,IND,MANCHESTER,ENGLAND,INDIA
1983,WI,140,10,10,IND,IND,LONDON,ENGLAND,INDIA
1983,ENG,322,6,10,NZ,ENG,LONDON,ENGLAND,INDIA
1983,ENG,339,9,10,SL,ENG,TAUNTON,ENGLAND,INDIA
1983,ENG,199,2,8,PAK,ENG,LONDON,ENGLAND,INDIA
1983,ENG,233,3,8,PAK,ENG,MANCHESTER,ENGLAND,INDIA
1983,ENG,137,1,10,SL,ENG,LEEDS,ENGLAND,INDIA
1983,NZ,238,9,10,PAK,NZ,BIRMINGHAM,ENGLAND,INDIA
1983,NZ,209,5,10,SL,NZ,BRISTOL,ENGLAND,INDIA
1983,NZ,238,9,10,ENG,NZ,BIRMINGHAM,ENGLAND,INDIA
1983,PAK,338,5,9,SL,PAK,SWANSEA,ENGLAND,INDIA
1983,PAK,235,7,10,SL,PAK,LEEDS,ENGLAND,INDIA
1983,PAK,261,3,10,NZ,PAK,NOTTINGHAM,ENGLAND,INDIA
1983,SL,286,10,9,ENG,SL,TAUNTON,ENGLAND,INDIA
1983,SL,184,7,10,NZ,SL,DERBY,ENGLAND,INDIA
1983,AUS,320,9,10,IND,AUS,NOTTINGHAM,ENGLAND,INDIA
1983,AUS,272,7,10,ZIM,AUS,SOUTHAMPTON,ENGLAND,INDIA
1983,ZIM,239,6,7,AUS,ZIM,NOTTINGHAM,ENGLAND,INDIA
1983,IND,262,8,10,WI,IND,MANCHESTER,ENGLAND,INDIA
1983,IND,157,5,10,ZIM,IND,LEICESTER,ENGLAND,INDIA
1983,IND,266,8,10,ZIM,IND,TURNBRIDGE WELLS,ENGLAND,INDIA
1983,IND,247,10,10,AUS,IND,CHELMSFORD,ENGLAND,INDIA
1983,IND,217,4,10,ENG,IND,MANCHESTER,ENGLAND,INDIA
1983,IND,183,10,10,WI,IND,LONDON,ENGLAND,INDIA
1983,WI,252,9,10,AUS,WI,LEEDS,ENGLAND,INDIA
1983,WI,218,2,7,ZIM,WI,WORCESTER,ENGLAND,INDIA
1983,WI,282,9,10,IND,WI,LONDON,ENGLAND,INDIA
1983,WI,276,3,6,AUS,WI,LONDON,ENGLAND,INDIA
1983,WI,172,0,10,ZIM,WI,BIRMINGHAM,ENGLAND,INDIA
1983,WI,188,2,8,PAK,WI,LONDON,ENGLAND,INDIA
1987,PAK,230,9,7,WI,WI,KARACHI,INDIA/PAK,AUSTRALIA
1987,PAK,249,10,8,AUS,AUS,LAHORE,INDIA/PAK,AUSTRALIA
1987,SL,252,10,6,PAK,PAK,HYDERABAD,INDIA/PAK,AUSTRALIA
1987,SL,169,4,4,WI,WI,KARACHI,INDIA/PAK,AUSTRALIA
1987,SL,158,8,4,ENG,ENG,PESHAWAR,INDIA/PAK,AUSTRALIA
1987,SL,211,8,8,WI,WI,KANPUR,INDIA/PAK,AUSTRALIA
1987,SL,184,8,7,PAK,PAK,FAISALABAD,INDIA/PAK,AUSTRALIA
1987,SL,218,7,2,ENG,ENG,PUNE,INDIA/PAK,AUSTRALIA
1987,ENG,221,10,7,PAK,PAK,RAWALPINDI,INDIA/PAK,AUSTRALIA
1987,ENG,244,9,3,PAK,PAK,KANPUR,INDIA/PAK,AUSTRALIA
1987,ENG,246,8,5,AUS,AUS,KOLKATA,INDIA/PAK,AUSTRALIA
1987,WI,243,7,8,ENG,ENG,GUJRANWALA,INDIA/PAK,AUSTRALIA
1987,WI,216,10,9,PAK,PAK,LAHORE,INDIA/PAK,AUSTRALIA
1987,WI,235,10,5,ENG,ENG,JAIPUR,INDIA/PAK,AUSTRALIA
1987,IND,269,10,6,AUS,AUS,CHENNAI,INDIA/PAK,AUSTRALIA
1987,IND,219,10,6,ENG,ENG,MUMBAI,INDIA/PAK,AUSTRALIA
1987,AUS,289,6,10,IND,IND,DELHI,INDIA/PAK,AUSTRALIA
1987,NZ,236,8,7,IND,IND,BENGALURU,INDIA/PAK,AUSTRALIA
1987,NZ,196,9,4,AUS,AUS,INDORE,INDIA/PAK,AUSTRALIA
1987,NZ,234,10,8,AUS,AUS,CHANDIGARH,INDIA/PAK,AUSTRALIA
1987,NZ,221,9,1,IND,IND,NAGPUR,INDIA/PAK,AUSTRALIA
1987,ZIM,239,10,7,NZ,NZ,HYDERABAD,INDIA/PAK,AUSTRALIA
1987,ZIM,139,10,9,AUS,AUS,CHANDIGARH,INDIA/PAK,AUSTRALIA
1987,ZIM,135,10,2,IND,IND,MUMBAI,INDIA/PAK,AUSTRALIA
1987,ZIM,227,5,6,NZ,NZ,KOLKATA,INDIA/PAK,AUSTRALIA
1987,ZIM,191,7,3,IND,IND,AHMEDABAD,INDIA/PAK,AUSTRALIA
1987,ZIM,196,6,5,AUS,AUS,CUTTACK,INDIA/PAK,AUSTRALIA
1987,PAK,267,6,10,SL,PAK,HYDERABAD,INDIA/PAK,AUSTRALIA
1987,PAK,239,7,10,ENG,PAK,RAWALPINDI,INDIA/PAK,AUSTRALIA
1987,PAK,216,9,10,WI,PAK,LAHORE,INDIA/PAK,AUSTRALIA
1987,PAK,247,3,9,ENG,PAK,KARACHI,INDIA/PAK,AUSTRALIA
1987,PAK,297,7,8,SL,PAK,FAISALABAD,INDIA/PAK,AUSTRALIA
1987,ENG,246,8,7,WI,ENG,GUJRANWALA,INDIA/PAK,AUSTRALIA
1987,ENG,296,4,8,SL,ENG,PESHAWAR,INDIA/PAK,AUSTRALIA
1987,ENG,269,5,10,WI,ENG,JAIPUR,INDIA/PAK,AUSTRALIA
1987,ENG,219,2,7,SL,ENG,PUNE,INDIA/PAK,AUSTRALIA
1987,ENG,254,6,10,IND,ENG,MUMBAI,INDIA/PAK,AUSTRALIA
1987,WI,360,4,4,SL,WI,KANPUR,INDIA/PAK,AUSTRALIA
1987,WI,236,8,8,SL,WI,KANPUR,INDIA/PAK,AUSTRALIA
1987,WI,258,7,9,PAK,WI,KARACHI,INDIA/PAK,AUSTRALIA
1987,IND,252,7,8,NZ,IND,BENGALURU,INDIA/PAK,AUSTRALIA
1987,IND,136,2,5,ZIM,IND,MUMBAI,INDIA/PAK,AUSTRALIA
1987,IND,289,6,10,AUS,IND,DELHI,INDIA/PAK,AUSTRALIA
1987,IND,194,3,7,ZIM,IND,AHMEDABAD,INDIA/PAK,AUSTRALIA
1987,IND,224,1,9,NZ,IND,NAGPUR,INDIA/PAK,AUSTRALIA
1987,AUS,270,6,10,IND,AUS,CHENNAI,INDIA/PAK,AUSTRALIA
1987,AUS,235,9,10,ZIM,AUS,CHENNAI,INDIA/PAK,AUSTRALIA
1987,AUS,199,4,9,NZ,AUS,INDORE,INDIA/PAK,AUSTRALIA
1987,AUS,251,8,10,NZ,AUS,CHANDIGARH,INDIA/PAK,AUSTRALIA
1987,AUS,266,5,6,ZIM,AUS,CUTTACK,INDIA/PAK,AUSTRALIA
1987,AUS,267,8,10,PAK,AUS,LAHORE,INDIA/PAK,AUSTRALIA
1987,AUS,253,5,8,ENG,AUS,KOLKATA,INDIA/PAK,AUSTRALIA
1987,NZ,242,7,10,ZIM,NZ,HYDERABAD,INDIA/PAK,AUSTRALIA
1987,NZ,228,6,5,ZIM,NZ,KOLKATA,INDIA/PAK,AUSTRALIA
1992,NZ,166,10,3,PAK,PAK,CHRISTCHURCH,AUS/NZ,PAKISTAN
1992,NZ,262,7,6,PAK,PAK,AUCKLAND,AUS/NZ,PAKISTAN
1992,AUS,211,10,6,NZ,NZ,AUCKLAND,AUS/NZ,PAKISTAN
1992,AUS,170,9,1,SA,SA,SYDNEY,AUS/NZ,PAKISTAN
1992,AUS,171,10,2,ENG,ENG,SYDNEY,AUS/NZ,PAKISTAN
1992,AUS,172,10,9,PAK,PAK,PERTH,AUS/NZ,PAKISTAN
1992,ENG,200,8,3,NZ,NZ,WELLINGTON,AUS/NZ,PAKISTAN
1992,ENG,125,10,10,ZIM,ZIM,ALBURY,AUS/NZ,PAKISTAN
1992,ENG,227,10,6,PAK,PAK,MELBOURNE,AUS/NZ,PAKISTAN
1992,IND,227,10,9,ENG,ENG,PERTH,AUS/NZ,PAKISTAN
1992,IND,234,10,9,AUS,AUS,BRISBANE,AUS/NZ,PAKISTAN
1992,IND,197,10,5,WI,WI,WELLINGTON,AUS/NZ,PAKISTAN
1992,IND,230,6,6,NZ,NZ,DUNEDIN,AUS/NZ,PAKISTAN
1992,IND,180,6,4,SA,SA,ADELAIDE,AUS/NZ,PAKISTAN
1992,SL,206,9,4,NZ,NZ,HAMILTON,AUS/NZ,PAKISTAN
1992,SL,189,9,3,AUS,AUS,ADELAIDE,AUS/NZ,PAKISTAN
1992,SL,174,10,6,ENG,ENG,BALLARAT,AUS/NZ,PAKISTAN
1992,SL,177,9,8,WI,WI,BERRI,AUS/NZ,PAKISTAN
1992,SL,212,6,6,PAK,PAK,PERTH,AUS/NZ,PAKISTAN
1992,ZIM,312,4,7,SL,SL,NEW PLYMOUTH,AUS/NZ,PAKISTAN
1992,ZIM,201,7,4,PAK,PAK,HAMILTON,AUS/NZ,PAKISTAN
1992,ZIM,189,7,8,WI,WI,BRISBANE,AUS/NZ,PAKISTAN
1992,ZIM,105,7,3,NZ,NZ,NAPIER,AUS/NZ,PAKISTAN
1992,ZIM,104,1,7,IND,IND,HAMILTON,AUS/NZ,PAKISTAN
1992,ZIM,163,10,3,SA,SA,CANBERRA,AUS/NZ,PAKISTAN
1992,ZIM,137,10,6,AUS,AUS,HOBART,AUS/NZ,PAKISTAN
1992,PAK,220,2,0,WI,WI,MELBOURNE,AUS/NZ,PAKISTAN
1992,PAK,173,10,7,IND,IND,SYDNEY,AUS/NZ,PAKISTAN
1992,PAK,173,8,7,SA,SA,BRISBANE,AUS/NZ,PAKISTAN
1992,WI,157,10,4,ENG,ENG,MELBOURNE,AUS/NZ,PAKISTAN
1992,WI,136,10,8,SA,SA,CHRISTCHURCH,AUS/NZ,PAKISTAN
1992,WI,203,7,5,NZ,NZ,AUCKLAND,AUS/NZ,PAKISTAN
1992,WI,159,10,6,AUS,AUS,MELBOURNE,AUS/NZ,PAKISTAN
1992,SA,190,7,3,NZ,NZ,AUCKLAND,AUS/NZ,PAKISTAN
1992,SA,195,10,7,SL,SL,WELLINGTON,AUS/NZ,PAKISTAN
1992,SA,236,4,7,ENG,ENG,MELBOURNE,AUS/NZ,PAKISTAN
1992,SA,232,6,6,ENG,ENG,SYDNEY,AUS/NZ,PAKISTAN
1992,NZ,248,6,10,AUS,NZ,AUCKLAND,AUS/NZ,PAKISTAN
1992,NZ,210,4,9,SL,NZ,HAMILTON,AUS/NZ,PAKISTAN
1992,NZ,191,3,7,SA,NZ,AUCKLAND,AUS/NZ,PAKISTAN
1992,NZ,162,3,7,ZIM,NZ,NAPIER,AUS/NZ,PAKISTAN
1992,NZ,206,5,7,WI,NZ,AUCKLAND,AUS/NZ,PAKISTAN
1992,NZ,231,6,6,IND,NZ,DUNEDIN,AUS/NZ,PAKISTAN
1992,NZ,201,3,8,ENG,NZ,WELLINGTON,AUS/NZ,PAKISTAN
1992,AUS,237,9,10,IND,AUS,BRISBANE,AUS/NZ,PAKISTAN
1992,AUS,190,3,9,SL,AUS,ADELAIDE,AUS/NZ,PAKISTAN
1992,AUS,265,6,10,ZIM,AUS,HOBART,AUS/NZ,PAKISTAN
1992,AUS,216,6,10,WI,AUS,MELBOURNE,AUS/NZ,PAKISTAN
1992,ENG,236,9,10,IND,ENG,PERTH,AUS/NZ,PAKISTAN
1992,ENG,160,4,10,WI,ENG,MELBOURNE,AUS/NZ,PAKISTAN
1992,ENG,173,2,10,AUS,ENG,SYDNEY,AUS/NZ,PAKISTAN
1992,ENG,280,6,10,SL,ENG,BALLARAT,AUS/NZ,PAKISTAN
1992,ENG,226,7,4,SA,ENG,MELBOURNE,AUS/NZ,PAKISTAN
1992,ENG,252,6,6,SA,ENG,SYDNEY,AUS/NZ,PAKISTAN
1992,IND,216,7,10,PAK,IND,SYDNEY,AUS/NZ,PAKISTAN
1992,IND,203,7,1,ZIM,IND,HAMILTON,AUS/NZ,PAKISTAN
1992,SL,313,7,4,ZIM,SL,NEW PLYMOUTH,AUS/NZ,PAKISTAN
1992,SL,198,7,10,SA,SL,WELLINGTON,AUS/NZ,PAKISTAN
1992,ZIM,134,10,10,ENG,ZIM,ALBURY,AUS/NZ,PAKISTAN
1992,PAK,254,4,7,ZIM,PAK,HOBART,AUS/NZ,PAKISTAN
1992,PAK,220,9,10,AUS,PAK,PERTH,AUS/NZ,PAKISTAN
1992,PAK,216,6,6,SL,PAK,PERTH,AUS/NZ,PAKISTAN
1992,PAK,167,3,10,NZ,PAK,CHRISTCHURCH,AUS/NZ,PAKISTAN
1992,PAK,264,6,7,NZ,PAK,AUCKLAND,AUS/NZ,PAKISTAN
1992,PAK,249,6,10,ENG,PAK,MELBOURNE,AUS/NZ,PAKISTAN
1992,WI,221,0,2,PAK,WI,MELBOURNE,AUS/NZ,PAKISTAN
1992,WI,264,8,7,ZIM,WI,BRISBANE,AUS/NZ,PAKISTAN
1992,WI,195,5,10,IND,WI,WELLINGTON,AUS/NZ,PAKISTAN
1992,WI,268,8,9,SL,WI,BERRI,AUS/NZ,PAKISTAN
1992,SA,171,1,9,AUS,SA,SYDNEY,AUS/NZ,PAKISTAN
1992,SA,200,8,10,WI,SA,CHRISTCHURCH,AUS/NZ,PAKISTAN
1992,SA,211,7,8,PAK,SA,BRISBANE,AUS/NZ,PAKISTAN
1992,SA,164,3,10,ZIM,SA,CANBERRA,AUS/NZ,PAKISTAN
1992,SA,181,4,6,IND,SA,ADELAIDE,AUS/NZ,PAKISTAN
1996,ENG,228,9,6,NZ,NZ,AHMEDABAD,ASIA,SRI LANKA
1996,ENG,152,10,10,SA,SA,RAWALPINDI,ASIA,SRI LANKA
1996,ENG,249,9,3,PAK,PAK,KARACHI,ASIA,SRI LANKA
1996,ENG,235,8,5,SL,SL,FAISALABAD,ASIA,SRI LANKA
1996,NZ,177,9,5,SA,SA,FAISALABAD,ASIA,SRI LANKA
1996,NZ,235,10,5,PAK,PAK,LAHORE,ASIA,SRI LANKA
1996,NZ,286,9,4,AUS,AUS,CHENNAI,ASIA,SRI LANKA
1996,SA,245,10,8,WI,WI,KARACHI,ASIA,SRI LANKA
1996,UAE,152,8,2,SA,SA,RAWALPINDI,ASIA,SRI LANKA
1996,UAE,136,10,2,ENG,ENG,PESHAWAR,ASIA,SRI LANKA
1996,UAE,109,9,1,PAK,PAK,GUJRANWALA,ASIA,SRI LANKA
1996,UAE,167,9,8,NZ,NZ,FAISALABAD,ASIA,SRI LANKA
1996,WI,173,10,5,IND,IND,GWALIOR,ASIA,SRI LANKA
1996,WI,93,10,10,KEN,KEN,PUNE,ASIA,SRI LANKA
1996,WI,202,10,8,AUS,AUS,MOHALI,ASIA,SRI LANKA
1996,ZIM,151,9,4,WI,WI,HYDERABAD,ASIA,SRI LANKA
1996,ZIM,228,6,4,SL,SL,COLOMBO,ASIA,SRI LANKA
1996,ZIM,154,10,2,AUS,AUS,NAGPUR,ASIA,SRI LANKA
1996,ZIM,207,10,5,IND,IND,KANPUR,ASIA,SRI LANKA
1996,NED,188,7,8,NZ,NZ,VADODARA,ASIA,SRI LANKA
1996,NED,230,6,4,ENG,ENG,PESHAWAR,ASIA,SRI LANKA
1996,NED,145,7,2,PAK,PAK,LAHORE,ASIA,SRI LANKA
1996,NED,216,9,3,UAE,UAE,LAHORE,ASIA,SRI LANKA
1996,NED,168,8,3,SA,SA,RAWALPINDI,ASIA,SRI LANKA
1996,AUS,229,6,6,WI,WI,JAIPUR,ASIA,SRI LANKA
1996,AUS,241,7,3,SL,SL,LAHORE,ASIA,SRI LANKA
1996,IND,242,10,10,AUS,AUS,MUMBAI,ASIA,SRI LANKA
1996,IND,271,3,4,SL,SL,DELHI,ASIA,SRI LANKA
1996,IND,120,8,8,SL,SL,KOLKATA,ASIA,SRI LANKA
1996,KEN,199,6,3,IND,IND,CUTTACK,ASIA,SRI LANKA
1996,KEN,207,7,7,AUS,AUS,VISAKHAPATNAM,ASIA,SRI LANKA
1996,KEN,137,5,10,ZIM,ZIM,PATNA,ASIA,SRI LANKA
1996,KEN,254,7,5,SL,SL,KANDY,ASIA,SRI LANKA
1996,PAK,242,6,5,SA,SA,KARACHI,ASIA,SRI LANKA
1996,PAK,248,9,8,IND,IND,BENGALURU,ASIA,SRI LANKA
1996,ENG,140,2,10,UAE,ENG,PESHAWAR,ASIA,SRI LANKA
1996,ENG,279,4,6,NED,ENG,PESHAWAR,ASIA,SRI LANKA
1996,NZ,239,6,9,ENG,NZ,AHMEDABAD,ASIA,SRI LANKA
1996,NZ,307,8,7,NED,NZ,VADODARA,ASIA,SRI LANKA
1996,NZ,276,8,9,UAE,NZ,FAISALABAD,ASIA,SRI LANKA
1996,SA,321,2,8,UAE,SA,RAWALPINDI,ASIA,SRI LANKA
1996,SA,177,9,5,NZ,SA,FAISALABAD,ASIA,SRI LANKA
1996,SA,230,10,10,ENG,SA,RAWALPINDI,ASIA,SRI LANKA
1996,SA,243,5,6,PAK,SA,KARACHI,ASIA,SRI LANKA
1996,SA,328,3,8,NED,SA,RAWALPINDI,ASIA,SRI LANKA
1996,UAE,220,3,9,NED,UAE,LAHORE,ASIA,SRI LANKA
1996,WI,155,4,9,ZIM,WI,HYDERABAD,ASIA,SRI LANKA
1996,WI,232,6,6,AUS,WI,JAIPUR,ASIA,SRI LANKA
1996,WI,264,8,10,SA,WI,KARACHI,ASIA,SRI LANKA
1996,ZIM,137,5,10,KEN,ZIM,PATNA,ASIA,SRI LANKA
1996,SL,229,4,6,ZIM,SL,COLOMBO,ASIA,SRI LANKA
1996,SL,272,4,3,IND,SL,DELHI,ASIA,SRI LANKA
1996,SL,398,5,7,KEN,SL,KANDY,ASIA,SRI LANKA
1996,SL,236,5,8,ENG,SL,FAISALABAD,ASIA,SRI LANKA
1996,SL,251,8,8,IND,SL,KOLKATA,ASIA,SRI LANKA
1996,SL,245,3,7,AUS,SL,LAHORE,ASIA,SRI LANKA
1996,AUS,304,7,7,KEN,AUS,VISAKHAPATNAM,ASIA,SRI LANKA
1996,AUS,258,10,10,IND,AUS,MUMBAI,ASIA,SRI LANKA
1996,AUS,158,2,10,ZIM,AUS,NAGPUR,ASIA,SRI LANKA
1996,AUS,289,4,9,NZ,AUS,CHENNAI,ASIA,SRI LANKA
1996,AUS,207,8,10,WI,AUS,MOHALI,ASIA,SRI LANKA
1996,IND,203,3,6,KEN,IND,CUTTACK,ASIA,SRI LANKA
1996,IND,174,5,10,WI,IND,GWALIOR,ASIA,SRI LANKA
1996,IND,247,5,10,ZIM,IND,KANPUR,ASIA,SRI LANKA
1996,IND,287,8,9,PAK,IND,BENGALURU,ASIA,SRI LANKA
1996,KEN,166,10,10,WI,KEN,PUNE,ASIA,SRI LANKA
1996,PAK,112,1,9,UAE,PAK,GUJRANWALA,ASIA,SRI LANKA
1996,PAK,151,2,7,NED,PAK,LAHORE,ASIA,SRI LANKA
1996,PAK,250,3,9,ENG,PAK,KARACHI,ASIA,SRI LANKA
1996,PAK,235,10,5,NZ,PAK,LAHORE,ASIA,SRI LANKA
1999,ENG,103,7,10,SA,SA,LONDON,ENGLAND,AUSTRALIA
1999,ENG,169,10,8,IND,IND,BIRMINGHAM,ENGLAND,AUSTRALIA
1999,SL,204,10,2,ENG,ENG,LONDON,ENGLAND,AUSTRALIA
1999,SL,110,10,9,SA,SA,NORTHAMPTON,ENGLAND,AUSTRALIA
1999,SL,216,10,6,IND,IND,TAUNTON,ENGLAND,AUSTRALIA
1999,IND,253,5,6,SA,SA,BRIGHTON,ENGLAND,AUSTRALIA
1999,IND,249,10,9,ZIM,ZIM,LEICESTER,ENGLAND,AUSTRALIA
1999,IND,205,10,6,AUS,AUS,LONDON,ENGLAND,AUSTRALIA
1999,IND,251,6,5,NZ,NZ,NOTTINGHAM,ENGLAND,AUSTRALIA
1999,SA,185,10,6,ZIM,ZIM,CHELMSFORD,ENGLAND,AUSTRALIA
1999,SA,271,7,5,AUS,AUS,LEEDS,ENGLAND,AUSTRALIA
1999,KEN,229,7,5,ZIM,ZIM,TAUNTON,ENGLAND,AUSTRALIA
1999,KEN,203,10,1,ENG,ENG,CANTERBURY,ENGLAND,AUSTRALIA
1999,KEN,235,7,2,IND,IND,BRISTOL,ENGLAND,AUSTRALIA
1999,KEN,152,10,3,SA,SA,AMSTELVEEN,ENGLAND,AUSTRALIA
1999,KEN,230,6,8,SL,SL,SOUTHAMPTON,ENGLAND,AUSTRALIA
1999,ZIM,197,9,6,SL,SL,WORCESTER,ENGLAND,AUSTRALIA
1999,ZIM,167,8,3,ENG,ENG,NOTTINGHAM,ENGLAND,AUSTRALIA
1999,ZIM,259,6,4,AUS,AUS,LONDON,ENGLAND,AUSTRALIA
1999,ZIM,123,10,9,PAK,PAK,LONDON,ENGLAND,AUSTRALIA
1999,PAK,161,10,9,BAN,BAN,NORTHAMPTON,ENGLAND,AUSTRALIA
1999,PAK,220,7,7,SA,SA,NOTTINGHAM,ENGLAND,AUSTRALIA
1999,PAK,180,10,6,IND,IND,MANCHESTER,ENGLAND,AUSTRALIA
1999,PAK,132,10,2,AUS,AUS,LONDON,ENGLAND,AUSTRALIA
1999,WI,202,10,8,PAK,PAK,BRISTOL,ENGLAND,AUSTRALIA
1999,WI,182,10,3,BAN,BAN,DUBLIN,ENGLAND,AUSTRALIA
1999,WI,110,4,10,AUS,AUS,MANCHESTER,ENGLAND,AUSTRALIA
1999,SCO,181,7,4,AUS,AUS,WORCESTER,ENGLAND,AUSTRALIA
1999,SCO,167,10,6,PAK,PAK,CHESTER-LE-STREET,ENGLAND,AUSTRALIA
1999,SCO,163,10,9,BAN,BAN,EDINBURGH,ENGLAND,AUSTRALIA
1999,SCO,68,10,2,WI,WI,LEICESTER,ENGLAND,AUSTRALIA
1999,SCO,121,10,4,NZ,NZ,EDINBURGH,ENGLAND,AUSTRALIA
1999,BAN,116,10,4,NZ,NZ,CHELMSFORD,ENGLAND,AUSTRALIA
1999,BAN,182,10,3,WI,WI,DUBLIN,ENGLAND,AUSTRALIA
1999,BAN,178,7,3,AUS,AUS,CHESTER-LE-STREET,ENGLAND,AUSTRALIA
1999,AUS,213,8,5,NZ,NZ,CARDIFF,ENGLAND,AUSTRALIA
1999,AUS,265,10,8,PAK,PAK,LEEDS,ENGLAND,AUSTRALIA
1999,NZ,156,10,3,WI,WI,SOUTHAMPTON,ENGLAND,AUSTRALIA
1999,NZ,207,8,8,PAK,PAK,DERBY,ENGLAND,AUSTRALIA
1999,NZ,213,8,5,SA,SA,BIRMINGHAM,ENGLAND,AUSTRALIA
1999,NZ,241,7,1,PAK,PAK,MANCHESTER,ENGLAND,AUSTRALIA
1999,SA,213,10,10,AUS,TIE,BIRMINGHAM,ENGLAND,AUSTRALIA
1999,AUS,213,10,10,SA,TIE,BIRMINGHAM,ENGLAND,AUSTRALIA
1999,ENG,207,2,10,SL,ENG,LONODN,ENGLAND,AUSTRALIA
1999,ENG,204,1,10,KEN,ENG,CANTERBURY,ENGLAND,AUSTRALIA
1999,ENG,168,3,8,ZIM,ENG,NOTTINGHAM,ENGLAND,AUSTRALIA
1999,SL,198,6,9,ZIM,SL,WORCESTER,ENGLAND,AUSTRALIA
1999,SL,275,8,6,KEN,SL,SOUTHAMPTON,ENGLAND,AUSTRALIA
1999,IND,329,2,7,KEN,IND,BRISTOL,ENGLAND,AUSTRALIA
1999,IND,373,6,10,SL,IND,TAUNTON,ENGLAND,AUSTRALIA
1999,IND,232,8,10,ENG,IND,BIRMINGHAM,ENGLAND,AUSTRALIA
1999,IND,227,6,10,PAK,IND,MANCHESTER,ENGLAND,AUSTRALIA
1999,SA,254,6,5,IND,SA,BRIGHTON,ENGLAND,AUSTRALIA
1999,SA,199,9,10,SL,SA,NORTHAMPTON,ENGLAND,AUSTRALIA
1999,SA,225,7,10,ENG,SA,LONDON,ENGLAND,AUSTRALIA
1999,SA,153,3,10,KEN,SA,AMSTELVEEN,ENGLAND,AUSTRALIA
1999,SA,221,7,7,PAK,SA,NOTTINGHAM,ENGLAND,AUSTRALIA
1999,SA,287,5,8,NZ,SA,BIRMINGHAM,ENGLAND,AUSTRALIA
1999,ZIM,231,5,7,KEN,ZIM,TAUNTON,ENGLAND,AUSTRALIA
1999,ZIM,252,9,10,IND,ZIM,LEICESTER,ENGLAND,AUSTRALIA
1999,ZIM,233,6,10,SA,ZIM,CHELMSFORD,ENGLAND,AUSTRALIA
1999,PAK,229,8,10,WI,PAK,BRISTOL,ENGLAND,AUSTRALIA
1999,PAK,261,6,10,SCO,PAK,CHESTER-LE-STREET,ENGLAND,AUSTRALIA
1999,PAK,275,8,10,AUS,PAK,LEEDS,ENGLAND,AUSTRALIA
1999,PAK,269,8,8,NZ,PAK,DERBY,ENGLAND,AUSTRALIA
1999,PAK,271,9,10,ZIM,PAK,LONDON,ENGLAND,AUSTRALIA
1999,PAK,242,1,7,NZ,PAK,MANCHESTER,ENGLAND,AUSTRALIA
1999,WI,158,3,10,NZ,WI,SOUTHAMPTON,ENGLAND,AUSTRALIA
1999,WI,70,2,10,SCO,WI,LEICESTER,ENGLAND,AUSTRALIA
1999,BAN,185,9,10,SCO,BAN,EDINBURGH,ENGLAND,AUSTRALIA
1999,BAN,223,9,10,PAK,BAN,NORTHAMPTON,ENGLAND,AUSTRALIA
1999,AUS,182,4,7,SCO,AUS,WORCESTER,ENGLAND,AUSTRALIA
1999,AUS,181,3,7,BAN,AUS,CHESTER-LE-STREET,ENGLAND,AUSTRALIA
1999,AUS,111,4,10,WI,AUS,MANCHESTER,ENGLAND,AUSTRALIA
1999,AUS,282,6,10,IND,AUS,LONDON,ENGLAND,AUSTRALIA
1999,AUS,303,4,6,ZIM,AUS,LONDON,ENGLAND,AUSTRALIA
1999,AUS,272,5,7,SA,AUS,LEEDS,ENGLAND,AUSTRALIA
1999,AUS,133,2,10,PAK,AUS,LONDON,ENGLAND,AUSTRALIA
1999,NZ,117,4,10,BAN,NZ,CHELMSFORD,ENGLAND,AUSTRALIA
1999,NZ,214,5,8,AUS,NZ,CARDIFF,ENGLAND,AUSTRALIA
1999,NZ,123,4,10,SCO,NZ,EDINBURGH,ENGLAND,AUSTRALIA
1999,NZ,253,5,6,IND,NZ,NOTTINGHAM,ENGLAND,AUSTRALIA
2003,SA,278,5,9,WI,WI,CAPE TOWN,SOUTH AFRICA,AUSTRALIA
2003,SA,306,6,1,NZ,NZ,JOHANNESBERG,SOUTH AFRICA,AUSTRALIA
2003,WI,221,10,7,NZ,NZ,GQEBERHA,SOUTH AFRICA,AUSTRALIA
2003,WI,222,9,6,SL,SL,CAPE TOWN,SOUTH AFRICA,AUSTRALIA
2003,NZ,225,10,7,SL,SL,BLOEMFONTEIN,SOUTH AFRICA,AUSTRALIA
2003,NZ,112,10,9,AUS,AUS,GQEBERHA,SOUTH AFRICA,AUSTRALIA
2003,NZ,146,10,3,IND,IND,CENTURION,SOUTH AFRICA,AUSTRALIA
2003,SL,157,10,9,KEN,KEN,NAIROBI,SOUTH AFRICA,AUSTRALIA
2003,SL,223,10,5,AUS,AUS,CENTURION,SOUTH AFRICA,AUSTRALIA
2003,SL,109,10,6,IND,IND,JOHANNESBERG,SOUTH AFRICA,AUSTRALIA
2003,SL,123,7,7,AUS,AUS,GQEBERHA,SOUTH AFRICA,AUSTRALIA
2003,ZIM,172,10,7,IND,IND,HARARE,SOUTH AFRICA,AUSTRALIA
2003,ZIM,246,9,3,AUS,AUS,BULAWAYO,SOUTH AFRICA,AUSTRALIA
2003,ZIM,252,7,4,NZ,NZ,BLOEMFONTEIN,SOUTH AFRICA,AUSTRALIA
2003,ZIM,133,10,3,KEN,KEN,BLOEMFONTEIN,SOUTH AFRICA,AUSTRALIA
2003,ZIM,182,10,5,SL,SL,EAST LONDON,SOUTH AFRICA,AUSTRALIA
2003,NAM,104,5,2,ZIM,ZIM,HARARE,SOUTH AFRICA,AUSTRALIA
2003,NAM,84,10,9,PAK,PAK,KIMBERLEY,SOUTH AFRICA,AUSTRALIA
2003,NAM,217,9,10,ENG,ENG,GQEBERHA,SOUTH AFRICA,AUSTRALIA
2003,NAM,130,10,2,IND,IND,PIETERMARITZBURG,SOUTH AFRICA,AUSTRALIA
2003,NAM,45,10,6,AUS,AUS,POTCHEFSTROOM,SOUTH AFRICA,AUSTRALIA
2003,NAM,250,10,4,NED,NED,BLOEMFONTEIN,SOUTH AFRICA,AUSTRALIA
2003,PAK,228,10,8,AUS,AUS,JOHANNESBERG,SOUTH AFRICA,AUSTRALIA
2003,PAK,134,10,8,ENG,ENG,CAPE TOWN,SOUTH AFRICA,AUSTRALIA
2003,PAK,273,7,4,IND,IND,CENTURION,SOUTH AFRICA,AUSTRALIA
2003,BAN,120,10,10,CAN,CAN,DURBAN,SOUTH AFRICA,AUSTRALIA
2003,BAN,124,10,0,SL,SL,PIETERMARITZBURG,SOUTH AFRICA,AUSTRALIA
2003,BAN,108,10,0,SA,SA,BLOEMFONTEIN,SOUTH AFRICA,AUSTRALIA
2003,BAN,198,7,3,NZ,NZ,KIMBERLEY,SOUTH AFRICA,AUSTRALIA
2003,BAN,185,10,7,KEN,KEN,JOHANNESBERG,SOUTH AFRICA,AUSTRALIA
2003,CAN,197,10,6,KEN,KEN,CAPE TOWN,SOUTH AFRICA,AUSTRALIA
2003,CAN,36,10,1,SL,SL,PAARI,SOUTH AFRICA,AUSTRALIA
2003,CAN,202,10,3,WI,WI,CENTURION,SOUTH AFRICA,AUSTRALIA
2003,CAN,136,5,8,SA,SA,EAST LONDON,SOUTH AFRICA,AUSTRALIA
2003,CAN,196,10,5,NZ,NZ,BENONI,SOUTH AFRICA,AUSTRALIA
2003,KEN,140,10,0,SA,SA,POTCHEFSTROOM,SOUTH AFRICA,AUSTRALIA
2003,KEN,104,10,7,WI,WI,KIMBERLEY,SOUTH AFRICA,AUSTRALIA
2003,KEN,225,6,4,IND,IND,CAPE TOWN,SOUTH AFRICA,AUSTRALIA
2003,KEN,174,8,5,AUS,AUS,DURBAN,SOUTH AFRICA,AUSTRALIA
2003,KEN,179,10,4,IND,IND,DURBAN,SOUTH AFRICA,AUSTRALIA
2003,IND,125,10,1,AUS,AUS,CENTURION,SOUTH AFRICA,AUSTRALIA
2003,IND,234,10,2,AUS,AUS,JOHANNESBERG,SOUTH AFRICA,AUSTRALIA
2003,NED,136,10,10,IND,IND,PAARI,SOUTH AFRICA,AUSTRALIA
2003,NED,142,9,4,ENG,ENG,EAST LONDON,SOUTH AFRICA,AUSTRALIA
2003,NED,122,10,2,AUS,AUS,POTCHEFSTROOM,SOUTH AFRICA,AUSTRALIA
2003,NED,156,10,9,PAK,PAK,PAARI,SOUTH AFRICA,AUSTRALIA
2003,NED,202,9,8,ZIM,ZIM,BULAWAYO,SOUTH AFRICA,AUSTRALIA
2003,ENG,168,10,9,IND,IND,DURBAN,SOUTH AFRICA,AUSTRALIA
2003,ENG,204,8,8,AUS,AUS,GQEBERHA,SOUTH AFRICA,AUSTRALIA
2003,SA,229,6,9,SL,TIE,DURBAN,SOUTH AFRICA,AUSTRALIA
2003,SL,268,9,6,SA,TIE,DURBAN,SOUTH AFRICA,AUSTRALIA
2003,SA,142,0,10,KEN,SA,POTCHEFSTROOM,SOUTH AFRICA,AUSTRALIA
2003,SA,109,0,10,BAN,SA,BLOEMFONTEIN,SOUTH AFRICA,AUSTRALIA
2003,SA,254,8,5,CAN,SA,EAST LONDON,SOUTH AFRICA,AUSTRALIA
2003,WI,278,5,9,SL,WI,CAPE TOWN,SOUTH AFRICA,AUSTRALIA
2003,WI,206,3,10,CAN,WI,CENTURION,SOUTH AFRICA,AUSTRALIA
2003,WI,246,7,10,KEN,WI,KIMBERLEY,SOUTH AFRICA,AUSTRALIA
2003,NZ,241,7,10,WI,NZ,GQEBERHA,SOUTH AFRICA,AUSTRALIA
2003,NZ,229,1,6,SA,NZ,JOHANNESBERG,SOUTH AFRICA,AUSTRALIA
2003,NZ,199,3,7,BAN,NZ,KIMBERLEY,SOUTH AFRICA,AUSTRALIA
2003,NZ,197,5,10,CAN,NZ,BENONI,SOUTH AFRICA,AUSTRALIA
2003,NZ,253,4,7,ZIM,NZ,BLOEMFONTEIN,SOUTH AFRICA,AUSTRALIA
2003,SL,272,7,10,NZ,SL,BLOEMFONTEIN,SOUTH AFRICA,AUSTRALIA
2003,SL,126,0,10,BAN,SL,PIETERMARITZBURG,SOUTH AFRICA,AUSTRALIA
2003,SL,37,1,10,CAN,SL,PAARI,SOUTH AFRICA,AUSTRALIA
2003,SL,228,6,9,WI,SL,CAPE TOWN,SOUTH AFRICA,AUSTRALIA
2003,SL,256,5,10,ZIM,SL,EAST LONDON,SOUTH AFRICA,AUSTRALIA
2003,ZIM,340,2,5,NAM,ZIM,HARARE,SOUTH AFRICA,AUSTRALIA
2003,ZIM,301,8,9,NED,ZIM,BULAWAYO,SOUTH AFRICA,AUSTRALIA
2003,AUS,310,8,10,PAK,AUS,JOHANNESBERG,SOUTH AFRICA,AUSTRALIA
2003,AUS,128,1,10,IND,AUS,CENTURION,SOUTH AFRICA,AUSTRALIA
2003,AUS,170,2,10,NED,AUS,POTCHEFSTROOM,SOUTH AFRICA,AUSTRALIA
2003,AUS,248,3,9,ZIM,AUS,BULAWAYO,SOUTH AFRICA,AUSTRALIA
2003,AUS,301,6,10,NAM,AUS,POTCHEFSTROOM,SOUTH AFRICA,AUSTRALIA
2003,AUS,208,8,8,ENG,AUS,GQEBERHA,SOUTH AFRICA,AUSTRALIA
2003,AUS,319,5,10,SL,AUS,CENTURION,SOUTH AFRICA,AUSTRALIA
2003,AUS,208,9,10,NZ,AUS,GQEBERHA,SOUTH AFRICA,AUSTRALIA
2003,AUS,178,5,8,KEN,AUS,DURBAN,SOUTH AFRICA,AUSTRALIA
2003,AUS,212,7,7,SL,AUS,GQEBERHA,SOUTH AFRICA,AUSTRALIA
2003,AUS,359,2,10,IND,AUS,JOHANNESBERG,SOUTH AFRICA,AUSTRALIA
2003,PAK,255,9,10,NAM,PAK,KIMBERLEY,SOUTH AFRICA,AUSTRALIA
2003,PAK,253,9,10,NED,PAK,PAARI,SOUTH AFRICA,AUSTRALIA
2003,CAN,180,10,10,BAN,CAN,DURBAN,SOUTH AFRICA,AUSTRALIA
2003,KEN,198,6,10,CAN,KEN,CAPE TOWN,SOUTH AFRICA,AUSTRALIA
2003,KEN,210,9,10,SL,KEN,NAIROBI,SOUTH AFRICA,AUSTRALIA
2003,KEN,217,7,10,BAN,KEN,JOHANNESBERG,SOUTH AFRICA,AUSTRALIA
2003,KEN,135,3,10,ZIM,KEN,BLOEMFONTEIN,SOUTH AFRICA,AUSTRALIA
2003,IND,204,10,10,NED,IND,PAARI,SOUTH AFRICA,AUSTRALIA
2003,IND,255,7,10,ZIM,IND,HARARE,SOUTH AFRICA,AUSTRALIA
2003,IND,311,2,10,NAM,IND,PIETERMARITZBURG,SOUTH AFRICA,AUSTRALIA
2003,IND,250,9,10,ENG,IND,DURBAN,SOUTH AFRICA,AUSTRALIA
2003,IND,276,4,7,PAK,IND,CENTURION,SOUTH AFRICA,AUSTRALIA
2003,IND,226,4,6,KEN,IND,CAPE TOWN,SOUTH AFRICA,AUSTRALIA
2003,IND,292,6,10,SL,IND,JOHANNESBERG,SOUTH AFRICA,AUSTRALIA
2003,IND,150,3,10,NZ,IND,CENTURION,SOUTH AFRICA,AUSTRALIA
2003,IND,270,4,10,KEN,IND,DURBAN,SOUTH AFRICA,AUSTRALIA
2003,NED,314,4,10,NAM,NED,BLOEMFONTEIN,SOUTH AFRICA,AUSTRALIA
2003,ENG,144,4,9,NED,ENG,EAST LONDON,SOUTH AFRICA,AUSTRALIA
2003,ENG,272,10,9,NAM,ENG,GQEBERHA,SOUTH AFRICA,AUSTRALIA
2003,ENG,246,8,10,PAK,ENG,CAPE TOWN,SOUTH AFRICA,AUSTRALIA
2007,WI,219,10,6,AUS,AUS,ANTIGUA,WEST INDIES,AUSTRALIA
2007,WI,177,10,3,NZ,NZ,ANTIGUA,WEST INDIES,AUSTRALIA
2007,WI,190,10,5,SL,SL,GUYANA,WEST INDIES,AUSTRALIA
2007,WI,289,9,4,SA,SA,GRENADA,WEST INDIES,AUSTRALIA
2007,WI,300,10,9,ENG,ENG,BARBADOS,WEST INDIES,AUSTRALIA
2007,PAK,187,10,9,WI,WI,JAMAICA,WEST INDIES,AUSTRALIA
2007,PAK,132,10,7,IRE,IRE,JAMAICA,WEST INDIES,AUSTRALIA
2007,SCO,131,10,6,AUS,AUS,ST.KITTS,WEST INDIES,AUSTRALIA
2007,SCO,186,8,3,SA,SA,ST.KITTS,WEST INDIES,AUSTRALIA
2007,SCO,136,10,2,NED,NED,ST.KITTS,WEST INDIES,AUSTRALIA
2007,CAN,199,10,3,KEN,KEN,ST.LUCIA,WEST INDIES,AUSTRALIA
2007,CAN,228,7,6,ENG,ENG,ST.LUCIA,WEST INDIES,AUSTRALIA
2007,CAN,249,10,5,NZ,NZ,ST.LUCIA,WEST INDIES,AUSTRALIA
2007,KEN,183,10,7,NZ,NZ,ST.LUCIA,WEST INDIES,AUSTRALIA
2007,KEN,177,10,3,ENG,ENG,ST.LUCIA,WEST INDIES,AUSTRALIA
2007,BER,78,10,6,SL,SL,TRINIDAD,WEST INDIES,AUSTRALIA
2007,BER,156,10,5,IND,IND,TRINIDAD,WEST INDIES,AUSTRALIA
2007,BER,94,9,3,BAN,BAN,TRINIDAD,WEST INDIES,AUSTRALIA
2007,SL,209,10,9,SA,SA,GUYANA,WEST INDIES,AUSTRALIA
2007,SL,226,10,3,AUS,AUS,GRENADA,WEST INDIES,AUSTRALIA
2007,SL,215,8,4,AUS,AUS,BARBADOS,WEST INDIES,AUSTRALIA
2007,IRE,183,8,2,WI,WI,JAMAICA,WEST INDIES,AUSTRALIA
2007,IRE,218,10,7,ENG,ENG,GUYANA,WEST INDIES,AUSTRALIA
2007,IRE,152,8,3,SA,SA,GUYANA,WEST INDIES,AUSTRALIA
2007,IRE,134,10,8,NZ,NZ,GUYANA,WEST INDIES,AUSTRALIA
2007,IRE,91,10,1,AUS,AUS,BARBADOS,WEST INDIES,AUSTRALIA
2007,IRE,77,10,2,SL,SL,GRENADA,WEST INDIES,AUSTRALIA
2007,ZIM,202,5,4,WI,WI,JAMAICA,WEST INDIES,AUSTRALIA
2007,ZIM,99,10,10,PAK,PAK,JAMAICA,WEST INDIES,AUSTRALIA
2007,ENG,209,7,4,NZ,NZ,ST.LUCIA,WEST INDIES,AUSTRALIA
2007,ENG,233,8,10,SL,SL,ANTIGUA,WEST INDIES,AUSTRALIA
2007,ENG,247,10,3,AUS,AUS,ANTIGUA,WEST INDIES,AUSTRALIA
2007,ENG,154,10,1,SA,SA,BARBADOS,WEST INDIES,AUSTRALIA
2007,NZ,219,7,4,SL,SL,GRENADA,WEST INDIES,AUSTRALIA
2007,NZ,133,10,6,AUS,AUS,GRENADA,WEST INDIES,AUSTRALIA
2007,NZ,208,10,5,SL,SL,JAMAICA,WEST INDIES,AUSTRALIA
2007,NED,132,9,3,SA,SA,ST.KITTS,WEST INDIES,AUSTRALIA
2007,NED,129,10,5,AUS,AUS,ST.KITTS,WEST INDIES,AUSTRALIA
2007,SA,294,10,6,AUS,AUS,ST.KITTS,WEST INDIES,AUSTRALIA
2007,SA,184,10,8,BAN,BAN,GUYANA,WEST INDIES,AUSTRALIA
2007,SA,193,7,5,NZ,NZ,GRENADA,WEST INDIES,AUSTRALIA
2007,SA,149,10,3,AUS,AUS,ST.LUCIA,WEST INDIES,AUSTRALIA
2007,BAN,112,10,4,SL,SL,TRINIDAD,WEST INDIES,AUSTRALIA
2007,BAN,104,6,10,AUS,AUS,ANTIGUA,WEST INDIES,AUSTRALIA
2007,BAN,174,10,1,NZ,NZ,ANTIGUA,WEST INDIES,AUSTRALIA
2007,BAN,143,10,6,ENG,ENG,BARBADOS,WEST INDIES,AUSTRALIA
2007,BAN,169,10,7,IRE,IRE,BARBADOS,WEST INDIES,AUSTRALIA
2007,BAN,131,10,5,WI,WI,BARBADOS,WEST INDIES,AUSTRALIA
2007,IND,191,10,5,BAN,BAN,TRINIDAD,WEST INDIES,AUSTRALIA
2007,IND,185,10,6,SL,SL,TRINIDAD,WEST INDIES,AUSTRALIA
2007,IRE,221,9,10,ZIM,TIE,JAMAICA,WEST INDIES,AUSTRALIA
2007,ZIM,221,10,9,IRE,TIE,JAMAICA,WEST INDIES,AUSTRALIA
2007,WI,241,9,10,PAK,WI,JAMAICA,WEST INDIES,AUSTRALIA
2007,WI,204,4,5,ZIM,WI,JAMAICA,WEST INDIES,AUSTRALIA
2007,WI,190,2,8,IRE,WI,JAMAICA,WEST INDIES,AUSTRALIA
2007,WI,230,5,10,BAN,WI,BARBADOS,WEST INDIES,AUSTRALIA
2007,PAK,349,10,10,ZIM,PAK,JAMAICA,WEST INDIES,AUSTRALIA
2007,AUS,334,6,10,SCO,AUS,ST.KITTS,WEST INDIES,AUSTRALIA
2007,AUS,358,5,10,NED,AUS,ST.KITTS,WEST INDIES,AUSTRALIA
2007,AUS,377,6,10,SA,AUS,ST.KITTS,WEST INDIES,AUSTRALIA
2007,AUS,322,6,10,WI,AUS,ANTIGUA,WEST INDIES,AUSTRALIA
2007,AUS,106,0,6,BAN,AUS,ANTIGUA,WEST INDIES,AUSTRALIA
2007,AUS,248,3,10,ENG,AUS,ANTIGUA,WEST INDIES,AUSTRALIA
2007,AUS,92,1,10,IRE,AUS,BARBADOS,WEST INDIES,AUSTRALIA
2007,AUS,232,3,10,SL,AUS,GRENADA,WEST INDIES,AUSTRALIA
2007,AUS,348,6,10,NZ,AUS,GRENADA,WEST INDIES,AUSTRALIA
2007,AUS,153,3,10,SA,AUS,ST.LUCIA,WEST INDIES,AUSTRALIA
2007,AUS,281,4,8,SL,AUS,BARBADOS,WEST INDIES,AUSTRALIA
2007,KEN,203,3,10,CAN,KEN,ST.LUCIA,WEST INDIES,AUSTRALIA
2007,SL,321,6,10,BER,SL,TRINIDAD,WEST INDIES,AUSTRALIA
2007,SL,318,4,10,BAN,SL,TRINIDAD,WEST INDIES,AUSTRALIA
2007,SL,254,6,10,IND,SL,TRINIDAD,WEST INDIES,AUSTRALIA
2007,SL,303,5,10,WI,SL,GUYANA,WEST INDIES,AUSTRALIA
2007,SL,235,10,8,ENG,SL,ANTIGUA,WEST INDIES,AUSTRALIA
2007,SL,222,4,7,NZ,SL,GRENADA,WEST INDIES,AUSTRALIA
2007,SL,81,2,10,IRE,SL,GRENADA,WEST INDIES,AUSTRALIA
2007,SL,289,5,10,NZ,SL,JAMAICA,WEST INDIES,AUSTRALIA
2007,IRE,133,7,10,PAK,IRE,JAMAICA,WEST INDIES,AUSTRALIA
2007,IRE,243,7,10,BAN,IRE,BARBADOS,WEST INDIES,AUSTRALIA
2007,ENG,279,6,7,CAN,ENG,ST.LUCIA,WEST INDIES,AUSTRALIA
2007,ENG,178,3,10,KEN,ENG,ST.LUCIA,WEST INDIES,AUSTRALIA
2007,ENG,266,7,10,IRE,ENG,GUYANA,WEST INDIES,AUSTRALIA
2007,ENG,147,6,10,BAN,ENG,BARBADOS,WEST INDIES,AUSTRALIA
2007,ENG,301,9,10,WI,ENG,BARBADOS,WEST INDIES,AUSTRALIA
2007,NZ,210,4,7,ENG,NZ,ST.LUCIA,WEST INDIES,AUSTRALIA
2007,NZ,331,7,10,KEN,NZ,ST.LUCIA,WEST INDIES,AUSTRALIA
2007,NZ,363,5,10,CAN,NZ,ST.LUCIA,WEST INDIES,AUSTRALIA
2007,NZ,179,3,10,WI,NZ,ANTIGUA,WEST INDIES,AUSTRALIA
2007,NZ,178,1,10,BAN,NZ,ANTIGUA,WEST INDIES,AUSTRALIA
2007,NZ,263,8,10,IRE,NZ,GUYANA,WEST INDIES,AUSTRALIA
2007,NZ,196,5,7,SA,NZ,GRENADA,WEST INDIES,AUSTRALIA
2007,NED,140,2,10,SCO,NED,ST.KITTS,WEST INDIES,AUSTRALIA
2007,SA,353,3,9,NED,SA,ST.KITTS,WEST INDIES,AUSTRALIA
2007,SA,188,3,8,SCO,SA,ST.KITTS,WEST INDIES,AUSTRALIA
2007,SA,212,9,10,SL,SA,GUYANA,WEST INDIES,AUSTRALIA
2007,SA,165,3,8,IRE,SA,GUYANA,WEST INDIES,AUSTRALIA
2007,SA,356,4,9,WI,SA,GRENADA,WEST INDIES,AUSTRALIA
2007,SA,157,1,10,ENG,SA,BARBADOS,WEST INDIES,AUSTRALIA
2007,BAN,192,5,10,IND,BAN,TRINIDAD,WEST INDIES,AUSTRALIA
2007,BAN,96,3,9,BER,BAN,TRINIDAD,WEST INDIES,AUSTRALIA
2007,BAN,251,8,10,SA,BAN,GUYANA,WEST INDIES,AUSTRALIA
2007,IND,413,5,10,BER,IND,TRINIDAD,WEST INDIES,AUSTRALIA
2011,BAN,283,9,4,IND,IND,DHAKA,ASIA,INDIA
2011,BAN,58,10,1,WI,WI,DHAKA,ASIA,INDIA
2011,BAN,78,10,8,SA,SA,DHAKA,ASIA,INDIA
2011,IND,296,10,7,SA,SA,NAGPUR,ASIA,INDIA
2011,NZ,206,10,3,AUS,AUS,NAGPUR,ASIA,INDIA
2011,NZ,153,10,9,SL,SL,MUMBAI,ASIA,INDIA
2011,NZ,217,10,5,NZ,NZ,COLOMBO,ASIA,INDIA
2011,PAK,192,10,7,NZ,NZ,PALLEKALE,ASIA,INDIA
2011,KEN,69,10,0,NZ,NZ,CHENNAI,ASIA,INDIA
2011,KEN,112,10,7,PAK,PAK,HAMBANTOTA,ASIA,INDIA
2011,KEN,142,10,1,SL,SL,COLOMBO,ASIA,INDIA
2011,KEN,198,10,5,CAN,CAN,DELHI,ASIA,INDIA
2011,KEN,264,6,6,AUS,AUS,BENGALURU,ASIA,INDIA
2011,KEN,147,10,6,ZIM,ZIM,KOLKATA,ASIA,INDIA
2011,SL,266,9,7,PAK,PAK,COLOMBO,ASIA,INDIA
2011,SL,274,6,4,IND,IND,MUMBAI,ASIA,INDIA
2011,CAN,122,10,7,SL,SL,HAMBANTOTA,ASIA,INDIA
2011,CAN,123,10,9,ZIM,ZIM,NAGPUR,ASIA,INDIA
2011,CAN,138,10,10,PAK,PAK,COLOMBO,ASIA,INDIA
2011,CAN,261,9,6,NZ,NZ,MUMBAI,ASIA,INDIA
2011,CAN,211,10,3,AUS,AUS,BENGALURU,ASIA,INDIA
2011,AUS,176,10,6,PAK,PAK,COLOMBO,ASIA,INDIA
2011,AUS,260,6,5,IND,IND,AHMEDABAD,ASIA,INDIA
2011,ZIM,171,10,6,AUS,AUS,AHMEDABAD,ASIA,INDIA
2011,ZIM,162,10,0,NZ,NZ,AHMEDABAD,ASIA,INDIA
2011,ZIM,188,10,6,SL,SL,PALLEKALE,ASIA,INDIA
2011,ZIM,151,7,3,PAK,PAK,PALLEKALE,ASIA,INDIA
2011,ENG,327,8,7,IRE,IRE,BENGALURU,ASIA,INDIA
2011,ENG,225,10,8,BAN,BAN,CHATTOGRAM,ASIA,INDIA
2011,ENG,229,6,0,SL,SL,COLOMBO,ASIA,INDIA
2011,NED,292,6,4,ENG,ENG,NAGPUR,ASIA,INDIA
2011,NED,115,10,8,WI,WI,DELHI,ASIA,INDIA
2011,NED,120,10,5,SA,SA,MOHALI,ASIA,INDIA
2011,NED,189,10,5,IND,IND,DELHI,ASIA,INDIA
2011,NED,160,10,4,BAN,BAN,CHATTOGRAM,ASIA,INDIA
2011,NED,306,10,4,IRE,IRE,KOLKATA,ASIA,INDIA
2011,SA,165,10,10,ENG,ENG,CHENNAI,ASIA,INDIA
2011,SA,300,7,10,IND,IND,NAGPUR,ASIA,INDIA
2011,SA,272,7,10,IRE,IRE,KOLKATA,ASIA,INDIA
2011,SA,284,8,10,BAN,BAN,DHAKA,ASIA,INDIA
2011,WI,222,10,3,SA,SA,DELHI,ASIA,INDIA
2011,WI,225,10,10,ENG,ENG,CHENNAI,ASIA,INDIA
2011,WI,188,10,10,IND,IND,CHENNAI,ASIA,INDIA
2011,WI,112,10,0,PAK,PAK,DHAKA,ASIA,INDIA
2011,IRE,178,10,10,BAN,BAN,DHAKA,ASIA,INDIA
2011,IRE,207,10,5,IND,IND,BENGALURU,ASIA,INDIA
2011,IRE,231,10,10,WI,WI,MOHALI,ASIA,INDIA
2011,IRE,141,10,7,SA,SA,KOLKATA,ASIA,INDIA
2011,IND,338,10,8,ENG,TIE,BENGALURU,ASIA,INDIA
2011,ENG,338,9,10,IND,TIE,BENGALURU,ASIA,INDIA
2011,BAN,205,10,10,IRE,BAN,DHAKA,ASIA,INDIA
2011,BAN,227,8,10,ENG,BAN,CHATTOGRAM,ASIA,INDIA
2011,BAN,166,4,10,NED,BAN,CHATTOGRAM,ASIA,INDIA
2011,IND,370,4,9,BAN,IND,DHAKA,ASIA,INDIA
2011,IND,210,5,10,IRE,IND,BENGALURU,ASIA,INDIA
2011,IND,191,10,5,NED,IND,DELHI,ASIA,INDIA
2011,IND,268,10,10,WI,IND,CHENNAI,ASIA,INDIA
2011,IND,267,5,6,AUS,IND,AHMEDABAD,ASIA,INDIA
2011,IND,260,9,10,PAK,IND,MOHALI,ASIA,INDIA
2011,IND,277,4,6,SL,IND,MUMBAI,ASIA,INDIA
2011,NZ,72,0,10,KEN,NZ,CHENNAI,ASIA,INDIA
2011,NZ,166,0,10,ZIM,NZ,AHMEDABAD,ASIA,INDIA
2011,NZ,302,7,10,PAK,NZ,PALLEKALE,ASIA,INDIA
2011,NZ,358,6,9,CAN,NZ,MUMBAI,ASIA,INDIA
2011,NZ,221,8,10,SA,NZ,DHAKA,ASIA,INDIA
2011,PAK,317,7,10,KEN,PAK,HAMBANTOTA,ASIA,INDIA
2011,PAK,277,7,9,SL,PAK,COLOMBO,ASIA,INDIA
2011,PAK,184,10,10,CAN,PAK,COLOMBO,ASIA,INDIA
2011,PAK,164,3,7,ZIM,PAK,PALLEKALE,ASIA,INDIA
2011,PAK,178,6,10,AUS,PAK,COLOMBO,ASIA,INDIA
2011,PAK,113,0,10,WI,PAK,DHAKA,ASIA,INDIA
2011,PAK,231,10,9,IND,PAK,MOHALI,ASIA,INDIA
2011,SL,332,7,10,CAN,SL,HAMBANTOTA,ASIA,INDIA
2011,SL,146,1,10,KEN,SL,COLOMBO,ASIA,INDIA
2011,SL,327,6,10,ZIM,SL,PALLEKALE,ASIA,INDIA
2011,SL,265,9,10,NZ,SL,MUMBAI,ASIA,INDIA
2011,SL,231,0,6,ENG,SL,COLOMBO,ASIA,INDIA
2011,SL,220,5,10,NZ,SL,COLOMBO,ASIA,INDIA
2011,CAN,199,5,10,KEN,CAN,DELHI,ASIA,INDIA
2011,AUS,262,6,10,ZIM,AUS,AHMEDABAD,ASIA,INDIA
2011,AUS,207,3,10,NZ,AUS,NAGPUR,ASIA,INDIA
2011,AUS,324,6,6,KEN,AUS,BENGALURU,ASIA,INDIA
2011,AUS,212,3,10,CAN,AUS,BENGALURU,ASIA,INDIA
2011,ZIM,298,9,10,CAN,ZIM,NAGPUR,ASIA,INDIA
2011,ZIM,308,6,10,KEN,ZIM,KOLKATA,ASIA,INDIA
2011,ENG,296,4,6,NED,ENG,NAGPUR,ASIA,INDIA
2011,ENG,171,10,10,SA,ENG,CHENNAI,ASIA,INDIA
2011,ENG,243,10,10,WI,ENG,CHENNAI,ASIA,INDIA
2011,SA,223,3,10,WI,SA,DELHI,ASIA,INDIA
2011,SA,351,5,10,NED,SA,MOHALI,ASIA,INDIA
2011,SA,172,10,8,NZ,SA,DHAKA,ASIA,INDIA
2011,WI,330,8,10,NED,WI,DELHI,ASIA,INDIA
2011,WI,59,1,10,BAN,WI,DHAKA,ASIA,INDIA
2011,WI,275,10,10,IRE,WI,MOHALI,ASIA,INDIA
2011,IRE,329,7,8,ENG,IRE,BENGALURU,ASIA,INDIA
2011,IRE,307,4,10,NED,IRE,KOLKATA,ASIA,INDIA
2015,SL,233,10,6,NZ,NZ,CHRISTCHURCH,AUS/NZ,AUSTRALIA
2015,SL,312,10,9,AUS,AUS,SYDNEY,AUS/NZ,AUSTRALIA
2015,SL,133,10,1,SA,SA,SYDNEY,AUS/NZ,AUSTRALIA
2015,AUS,151,10,9,NZ,NZ,AUCKLAND,AUS/NZ,AUSTRALIA
2015,ENG,231,10,9,AUS,AUS,MELBOURNE,AUS/NZ,AUSTRALIA
2015,ENG,123,10,2,NZ,NZ,WELLINGTON,AUS/NZ,AUSTRALIA
2015,ENG,309,6,1,SL,SL,WELLINGTON,AUS/NZ,AUSTRALIA
2015,ENG,260,10,7,BAN,BAN,ADELAIDE,AUS/NZ,AUSTRALIA
2015,SA,177,10,7,IND,IND,MELBOURNE,AUS/NZ,AUSTRALIA
2015,SA,202,10,10,PAK,PAK,AUCKLAND,AUS/NZ,AUSTRALIA
2015,SA,281,5,6,NZ,NZ,AUCKLAND,AUS/NZ,AUSTRALIA
2015,ZIM,277,10,4,SA,SA,HAMILTON,AUS/NZ,AUSTRALIA
2015,ZIM,289,10,2,WI,WI,CANBERRA,AUS/NZ,AUSTRALIA
2015,ZIM,215,10,7,PAK,PAK,BRISBANE,AUS/NZ,AUSTRALIA
2015,ZIM,326,10,8,IRE,IRE,HOBART,AUS/NZ,AUSTRALIA
2015,ZIM,287,10,4,IND,IND,AUCKLAND,AUS/NZ,AUSTRALIA
2015,IND,233,10,7,AUS,AUS,SYDNEY,AUS/NZ,AUSTRALIA
2015,PAK,224,10,7,IND,IND,ADELAIDE,AUS/NZ,AUSTRALIA
2015,PAK,160,10,6,WI,WI,CHRISTCHURCH,AUS/NZ,AUSTRALIA
2015,PAK,231,10,4,AUS,AUS,ADELAIDE,AUS/NZ,AUSTRALIA
2015,IRE,210,10,4,SA,SA,CANBERRA,AUS/NZ,AUSTRALIA
2015,IRE,259,10,2,IND,IND,HAMILTON,AUS/NZ,AUSTRALIA
2015,IRE,237,10,3,PAK,PAK,ADELAIDE,AUS/NZ,AUSTRALIA
2015,WI,304,7,6,IRE,IRE,NELSON,AUS/NZ,AUSTRALIA
2015,WI,151,10,5,SA,SA,SYDNEY,AUS/NZ,AUSTRALIA
2015,WI,182,10,6,IND,IND,PERTH,AUS/NZ,AUSTRALIA
2015,WI,250,10,6,NZ,NZ,WELLINGTON,AUS/NZ,AUSTRALIA
2015,SCO,142,10,7,NZ,NZ,DUNEDIN,AUS/NZ,AUSTRALIA
2015,SCO,184,10,8,ENG,ENG,CHRISTCHURCH,AUS/NZ,AUSTRALIA
2015,SCO,210,10,9,AFG,AFG,DUNEDIN,AUS/NZ,AUSTRALIA
2015,SCO,318,8,4,BAN,BAN,NELSON,AUS/NZ,AUSTRALIA
2015,SCO,215,10,9,SL,SL,HOBART,AUS/NZ,AUSTRALIA
2015,SCO,130,10,3,AUS,AUS,HOBART,AUS/NZ,AUSTRALIA
2015,BAN,240,10,1,SL,SL,MELBOURNE,AUS/NZ,AUSTRALIA
2015,BAN,288,7,7,NZ,NZ,HAMILTON,AUS/NZ,AUSTRALIA
2015,BAN,193,10,6,IND,IND,MELBOURNE,AUS/NZ,AUSTRALIA
2015,UAE,285,7,6,ZIM,ZIM,NELSON,AUS/NZ,AUSTRALIA
2015,UAE,278,9,8,IRE,IRE,BRISBANE,AUS/NZ,AUSTRALIA
2015,UAE,102,10,1,IND,IND,PERTH,AUS/NZ,AUSTRALIA
2015,UAE,210,8,6,PAK,PAK,NAPIER,AUS/NZ,AUSTRALIA
2015,UAE,195,10,6,SA,SA,WELLINGTON,AUS/NZ,AUSTRALIA
2015,UAE,175,10,4,WI,WI,NAPIER,AUS/NZ,AUSTRALIA
2015,AFG,162,10,10,BAN,BAN,CANBERRA,AUS/NZ,AUSTRALIA
2015,AFG,232,10,6,SL,SL,DUNEDIN,AUS/NZ,AUSTRALIA
2015,AFG,142,10,6,AUS,AUS,PERTH,AUS/NZ,AUSTRALIA
2015,AFG,186,10,4,NZ,NZ,NAPIER,AUS/NZ,AUSTRALIA
2015,AFG,111,7,1,ENG,ENG,SYDNEY,AUS/NZ,AUSTRALIA
2015,NZ,331,6,10,SL,NZ,CHRISTCHURCH,AUS/NZ,AUSTRALIA
2015,NZ,146,7,10,SCO,NZ,DUNEDIN,AUS/NZ,AUSTRALIA
2015,NZ,125,2,10,ENG,NZ,WELLINGTON,AUS/NZ,AUSTRALIA
2015,NZ,152,9,10,AUS,NZ,AUCKLAND,AUS/NZ,AUSTRALIA
2015,NZ,188,4,10,AFG,NZ,NAPIER,AUS/NZ,AUSTRALIA
2015,NZ,290,7,7,BAN,NZ,HAMILTON,AUS/NZ,AUSTRALIA
2015,NZ,393,6,10,WI,NZ,WELLINGTON,AUS/NZ,AUSTRALIA
2015,NZ,299,6,5,SA,NZ,AUCKLAND,AUS/NZ,AUSTRALIA
2015,SL,236,6,10,AFG,SL,DUNEDIN,AUS/NZ,AUSTRALIA
2015,SL,332,1,10,BAN,SL,MELBOURNE,AUS/NZ,AUSTRALIA
2015,SL,312,1,6,ENG,SL,WELLINGTON,AUS/NZ,AUSTRALIA
2015,SL,363,9,10,SCO,SL,HOBART,AUS/NZ,AUSTRALIA
2015,AUS,342,9,1,ENG,AUS,MELBOURNE,AUS/NZ,AUSTRALIA
2015,AUS,417,6,10,AFG,AUS,PERTH,AUS/NZ,AUSTRALIA
2015,AUS,376,9,10,SL,AUS,SYDNEY,AUS/NZ,AUSTRALIA
2015,AUS,133,3,10,SCO,AUS,HOBART,AUS/NZ,AUSTRALIA
2015,AUS,216,4,10,PAK,AUS,ADELAIDE,AUS/NZ,AUSTRALIA
2015,AUS,328,7,10,IND,AUS,SYDNEY,AUS/NZ,AUSTRALIA
2015,AUS,186,3,10,NZ,AUS,MELBOURNE,AUS/NZ,AUSTRALIA
2015,ENG,303,8,10,SCO,ENG,CHRISTCHURCH,AUS/NZ,AUSTRALIA
2015,ENG,101,1,7,AFG,ENG,SYDNEY,AUS/NZ,AUSTRALIA
2015,SA,339,4,10,ZIM,SA,HAMILTON,AUS/NZ,AUSTRALIA
2015,SA,408,5,10,WI,SA,SYDNEY,AUS/NZ,AUSTRALIA
2015,SA,411,4,10,IRE,SA,CANBERRA,AUS/NZ,AUSTRALIA
2015,SA,341,6,10,UAE,SA,WELLINGTON,AUS/NZ,AUSTRALIA
2015,SA,134,1,10,SL,SA,SYDNEY,AUS/NZ,AUSTRALIA
2015,ZIM,286,6,7,UAE,ZIM,NELSON,AUS/NZ,AUSTRALIA
2015,IND,300,7,10,PAK,IND,ADELAIDE,AUS/NZ,AUSTRALIA
2015,IND,307,7,10,SA,IND,MELBOURNE,AUS/NZ,AUSTRALIA
2015,IND,104,1,10,UAE,IND,PERTH,AUS/NZ,AUSTRALIA
2015,IND,185,6,10,WI,IND,PERTH,AUS/NZ,AUSTRALIA
2015,IND,260,2,10,IRE,IND,HAMILTON,AUS/NZ,AUSTRALIA
2015,IND,288,4,7,ZIM,IND,AUCKLAND,AUS/NZ,AUSTRALIA
2015,IND,302,6,10,BAN,IND,MELBOURNE,AUS/NZ,AUSTRALIA
2015,PAK,235,7,10,ZIM,PAK,BRISBANE,AUS/NZ,AUSTRALIA
2015,PAK,339,6,8,UAE,PAK,NAPIER,AUS/NZ,AUSTRALIA
2015,PAK,222,10,10,SA,PAK,AUCKLAND,AUS/NZ,AUSTRALIA
2015,PAK,241,3,10,IRE,PAK,ADELAIDE,AUS/NZ,AUSTRALIA
2015,IRE,307,6,7,WI,IRE,NAPIER,AUS/NZ,AUSTRALIA
2015,IRE,279,8,9,UAE,IRE,BRISBANE,AUS/NZ,AUSTRALIA
2015,IRE,331,8,10,ZIM,IRE,HOBART,AUS/NZ,AUSTRALIA
2015,WI,310,6,10,PAK,WI,CHRISTCHURCH,AUS/NZ,AUSTRALIA
2015,WI,372,2,10,ZIM,WI,CANBERRA,AUS/NZ,AUSTRALIA
2015,WI,176,4,10,UAE,WI,NAPIER,AUS/NZ,AUSTRALIA
2015,BAN,267,10,10,AFG,BAN,CANBERRA,AUS/NZ,AUSTRALIA
2015,BAN,322,4,8,SCO,BAN,NELSON,AUS/NZ,AUSTRALIA
2015,BAN,275,7,10,ENG,BAN,ADELAIDE,AUS/NZ,AUSTRALIA
2015,AFG,211,9,10,SCO,AFG,DUNEDIN,AUS/NZ,AUSTRALIA
2019,ENG,334,9,8,PAK,PAK,NOTTINGHAM,ENGLAND,ENGLAND
2019,ENG,212,10,9,SL,SL,LEEDS,ENGLAND,ENGLAND
2019,ENG,221,10,7,AUS,AUS,LONDON,ENGLAND,ENGLAND
2019,SA,207,10,8,ENG,ENG,LONDON,ENGLAND,ENGLAND
2019,SA,309,8,6,BAN,BAN,LONDON,ENGLAND,ENGLAND
2019,SA,227,9,4,IND,IND,SOUTHAMPTON,ENGLAND,ENGLAND
2019,SA,241,6,6,NZ,NZ,BIRMINGHAM,ENGLAND,ENGLAND
2019,SA,259,9,7,PAK,PAK,LONDON,ENGLAND,ENGLAND
2019,WI,273,9,10,AUS,AUS,NOTTINGHAM,ENGLAND,ENGLAND
2019,WI,212,10,2,ENG,ENG,SOUTHAMPTON,ENGLAND,ENGLAND
2019,WI,321,8,3,BAN,BAN,TAUNTON,ENGLAND,ENGLAND
2019,WI,286,10,8,NZ,NZ,MANCHESTER,ENGLAND,ENGLAND
2019,WI,143,10,7,IND,IND,MANCHESTER,ENGLAND,ENGLAND
2019,WI,315,9,6,SL,SL,CHESTER-LE-STREET,ENGLAND,ENGLAND
2019,PAK,105,10,3,WI,WI,NOTTINGHAM,ENGLAND,ENGLAND
2019,PAK,266,10,10,AUS,AUS,TAUNTON,ENGLAND,ENGLAND
2019,PAK,212,6,5,IND,IND,MANCHESTER,ENGLAND,ENGLAND
2019,NZ,237,6,4,PAK,PAK,BIRMINGHAM,ENGLAND,ENGLAND
2019,NZ,157,10,9,AUS,AUS,LONDON,ENGLAND,ENGLAND
2019,NZ,186,10,8,ENG,ENG,CHESTER-LE-STREET,ENGLAND,ENGLAND
2019,NZ,241,8,10,ENG,ENG,LONDON,ENGLAND,ENGLAND
2019,SL,136,10,0,NZ,NZ,CARDIFF,ENGLAND,ENGLAND
2019,SL,247,10,7,AUS,AUS,LONDON,ENGLAND,ENGLAND
2019,SL,203,10,1,SA,SA,CHESTER-LE-STREET,ENGLAND,ENGLAND
2019,SL,264,7,3,IND,IND,LEEDS,ENGLAND,ENGLAND
2019,AFG,207,10,3,AUS,AUS,BRISTOL,ENGLAND,ENGLAND
2019,AFG,152,10,10,SL,SL,CARDIFF,ENGLAND,ENGLAND
2019,AFG,172,10,3,NZ,NZ,TAUNTON,ENGLAND,ENGLAND
2019,AFG,125,10,1,SA,SA,CARDIFF,ENGLAND,ENGLAND
2019,AFG,247,8,6,ENG,ENG,MANCHESTER,ENGLAND,ENGLAND
2019,AFG,213,10,8,IND,IND,SOUTHAMPTON,ENGLAND,ENGLAND
2019,AFG,200,10,7,BAN,BAN,SOUTHAMPTON,ENGLAND,ENGLAND
2019,AFG,227,9,7,PAK,PAK,LEEDS,ENGLAND,ENGLAND
2019,AFG,288,10,6,WI,WI,LEEDS,ENGLAND,ENGLAND
2019,AUS,316,10,5,IND,IND,LONDON,ENGLAND,ENGLAND
2019,AUS,315,10,6,SA,SA,MANCHESTER,ENGLAND,ENGLAND
2019,AUS,223,10,2,ENG,ENG,BIRMINGHAM,ENGLAND,ENGLAND
2019,BAN,244,10,8,NZ,NZ,LONDON,ENGLAND,ENGLAND
2019,BAN,280,10,6,ENG,ENG,CARDIFF,ENGLAND,ENGLAND
2019,BAN,333,5,8,AUS,AUS,NOTTINGHAM,ENGLAND,ENGLAND
2019,BAN,286,10,9,IND,IND,BIRMINGHAM,ENGLAND,ENGLAND
2019,BAN,221,10,9,PAK,PAK,LONDON,ENGLAND,ENGLAND
2019,IND,221,10,8,NZ,NZ,MANCHESTER,ENGLAND,ENGLAND
2019,ENG,311,8,10,SA,ENG,LONDON,ENGLAND,ENGLAND
2019,ENG,386,6,10,BAN,ENG,CARDIFF,ENGLAND,ENGLAND
2019,ENG,231,2,10,WI,ENG,SOUTHAMPTON,ENGLAND,ENGLAND
2019,ENG,397,6,8,AFG,ENG,MANCHESTER,ENGLAND,ENGLAND
2019,ENG,337,7,5,IND,ENG,BIRMINGHAM,ENGLAND,ENGLAND
2019,ENG,305,8,10,NZ,ENG,CHESTER-LE-STREET,ENGLAND,ENGLAND
2019,ENG,226,2,10,AUS,ENG,BIRMINGHAM,ENGLAND,ENGLAND
2019,ENG,241,10,8,NZ,ENG,LONDON,ENGLAND,ENGLAND
2019,SA,131,1,10,AFG,SA,CARDIFF,ENGLAND,ENGLAND
2019,SA,206,1,10,SL,SA,CHESTER-LE-STREET,ENGLAND,ENGLAND
2019,SA,325,6,10,AUS,SA,MANCHESTER,ENGLAND,ENGLAND
2019,WI,108,3,10,PAK,WI,NOTTINGHAM,ENGLAND,ENGLAND
2019,WI,311,6,10,AFG,WI,LEEDS,ENGLAND,ENGLAND
2019,PAK,348,8,9,ENG,PAK,NOTTINGHAM,ENGLAND,ENGLAND
2019,PAK,308,7,9,SA,PAK,LONDON,ENGLAND,ENGLAND
2019,PAK,241,4,6,NZ,PAK,BIRMINGHAM,ENGLAND,ENGLAND
2019,PAK,230,7,9,AFG,PAK,LEEDS,ENGLAND,ENGLAND
2019,PAK,315,9,10,BAN,PAK,LONDON,ENGLAND,ENGLAND
2019,NZ,137,0,10,SL,NZ,CARDIFF,ENGLAND,ENGLAND
2019,NZ,248,8,10,BAN,NZ,LONDON,ENGLAND,ENGLAND
2019,NZ,173,3,10,AFG,NZ,TAUNTON,ENGLAND,ENGLAND
2019,NZ,245,6,6,SA,NZ,BIRMINGHAM,ENGLAND,ENGLAND
2019,NZ,291,8,10,WI,NZ,MANCHESTER,ENGLAND,ENGLAND
2019,NZ,239,8,10,IND,NZ,MANCHESTER,ENGLAND,ENGLAND
2019,SL,201,10,10,AFG,SL,CARDIFF,ENGLAND,ENGLAND
2019,SL,232,9,10,ENG,SL,LEEDS,ENGLAND,ENGLAND
2019,SL,338,6,9,WI,SL,CHESTER-LE-STREET,ENGLAND,ENGLAND
2019,AUS,209,3,10,AFG,AUS,BRISTOL,ENGLAND,ENGLAND
2019,AUS,288,10,9,WI,AUS,NOTTINGHAM,ENGLAND,ENGLAND
2019,AUS,307,10,10,PAK,AUS,TAUNTON,ENGLAND,ENGLAND
2019,AUS,334,7,10,SL,AUS,LONDON,ENGLAND,ENGLAND
2019,AUS,381,5,8,BAN,AUS,NOTTINGHAM,ENGLAND,ENGLAND
2019,AUS,285,7,10,ENG,AUS,LONDON,ENGLAND,ENGLAND
2019,AUS,243,9,10,NZ,AUS,LONDON,ENGLAND,ENGLAND
2019,BAN,330,6,8,SA,BAN,LONDON,ENGLAND,ENGLAND
2019,BAN,322,3,8,WI,BAN,TAUNTON,ENGLAND,ENGLAND
2019,BAN,262,7,10,AFG,BAN,SOUTHAMPTON,ENGLAND,ENGLAND
2019,IND,230,4,9,SA,IND,SOUTHAMPTON,ENGLAND,ENGLAND
2019,IND,352,5,10,AUS,IND,LONDON,ENGLAND,ENGLAND
2019,IND,336,5,6,PAK,IND,MANCHESTER,ENGLAND,ENGLAND
2019,IND,224,8,10,AFG,IND,SOUTHAMPTON,ENGLAND,ENGLAND
2019,IND,268,7,10,WI,IND,MANCHESTER,ENGLAND,ENGLAND
2019,IND,306,5,7,ENG,IND,BIRMINGHAM,ENGLAND,ENGLAND
2019,IND,314,9,10,BAN,IND,BIRMINGHAM,ENGLAND,ENGLAND
2019,IND,265,3,7,SL,IND,LEEDS,ENGLAND,ENGLAND